Start training with musan...
ESPnet is not installed, cannot use espnet_hubert upstream
------------------- 0 1
[ INFO : 2026-04-07 09:31:07,453 ] - exp_dir is: /share/workspace3/maduo/exp/TSE_BSRNN_VIS_with_musan
[ INFO : 2026-04-07 09:31:07,453 ] - <== Passed Arguments ==>
[ INFO : 2026-04-07 09:31:07,453 ] - {'checkpoint': '/share/workspace3/maduo/exp/TSE_BSRNN_VIS_with_musan/models/latest_checkpoint.pt',
[ INFO : 2026-04-07 09:31:07,453 ] -  'clip_grad': 5.0,
[ INFO : 2026-04-07 09:31:07,454 ] -  'config': 'confs/tse_bsrnn_visual_with_musan.yaml',
[ INFO : 2026-04-07 09:31:07,454 ] -  'data_type': 'raw',
[ INFO : 2026-04-07 09:31:07,454 ] -  'dataloader_args': {'batch_size': 4,
[ INFO : 2026-04-07 09:31:07,454 ] -                      'drop_last': True,
[ INFO : 2026-04-07 09:31:07,454 ] -                      'num_workers': 2,
[ INFO : 2026-04-07 09:31:07,454 ] -                      'pin_memory': True,
[ INFO : 2026-04-07 09:31:07,454 ] -                      'prefetch_factor': 2},
[ INFO : 2026-04-07 09:31:07,454 ] -  'dataset_args': {'chunk_len': 48000,
[ INFO : 2026-04-07 09:31:07,454 ] -                   'cue_processing': {'visual': None},
[ INFO : 2026-04-07 09:31:07,454 ] -                   'cues': {'visual': {'required': True, 'use': True}},
[ INFO : 2026-04-07 09:31:07,454 ] -                   'noise_lmdb_file': '/share/workspace3/maduo/datasets/voxceleb2mix/data/musan/lmdb',
[ INFO : 2026-04-07 09:31:07,454 ] -                   'noise_prob': 0.3,
[ INFO : 2026-04-07 09:31:07,454 ] -                   'resample_rate': 16000,
[ INFO : 2026-04-07 09:31:07,454 ] -                   'sample_num_per_epoch': 0,
[ INFO : 2026-04-07 09:31:07,454 ] -                   'shuffle': True,
[ INFO : 2026-04-07 09:31:07,454 ] -                   'shuffle_args': {'shuffle_size': 2500}},
[ INFO : 2026-04-07 09:31:07,454 ] -  'enable_amp': False,
[ INFO : 2026-04-07 09:31:07,454 ] -  'exp_dir': '/share/workspace3/maduo/exp/TSE_BSRNN_VIS_with_musan',
[ INFO : 2026-04-07 09:31:07,454 ] -  'gpus': [0],
[ INFO : 2026-04-07 09:31:07,454 ] -  'log_batch_interval': 100,
[ INFO : 2026-04-07 09:31:07,454 ] -  'loss': 'SISDR',
[ INFO : 2026-04-07 09:31:07,454 ] -  'loss_args': {},
[ INFO : 2026-04-07 09:31:07,454 ] -  'model': {'tse_model': 'TSE_BSRNN_VISUAL'},
[ INFO : 2026-04-07 09:31:07,454 ] -  'model_args': {'tse_model': {'separator': {'causal': False,
[ INFO : 2026-04-07 09:31:07,454 ] -                                             'feature_dim': 128,
[ INFO : 2026-04-07 09:31:07,454 ] -                                             'nspk': 1,
[ INFO : 2026-04-07 09:31:07,454 ] -                                             'num_repeat': 6,
[ INFO : 2026-04-07 09:31:07,454 ] -                                             'sr': 16000,
[ INFO : 2026-04-07 09:31:07,454 ] -                                             'stride': 128,
[ INFO : 2026-04-07 09:31:07,454 ] -                                             'win': 512},
[ INFO : 2026-04-07 09:31:07,454 ] -                               'visual': {'features': {'muse_visual': {'enabled': True,
[ INFO : 2026-04-07 09:31:07,454 ] -                                                                       'fusion': 'concat',
[ INFO : 2026-04-07 09:31:07,454 ] -                                                                       'mix_dim': 128,
[ INFO : 2026-04-07 09:31:07,454 ] -                                                                       'upsample': True,
[ INFO : 2026-04-07 09:31:07,454 ] -                                                                       'vf_pretrained': '/share/workspace3/maduo/codebase/wesep_wenet/examples/visual/voxceleb2mix/confs/visual_frontend.pt',
[ INFO : 2026-04-07 09:31:07,454 ] -                                                                       'vtcn_channels': 512,
[ INFO : 2026-04-07 09:31:07,454 ] -                                                                       'vtcn_layers': 5}}}}},
[ INFO : 2026-04-07 09:31:07,454 ] -  'model_init': {'discriminator': None, 'spk_model': None, 'tse_model': None},
[ INFO : 2026-04-07 09:31:07,454 ] -  'num_avg': True,
[ INFO : 2026-04-07 09:31:07,454 ] -  'num_epochs': 150,
[ INFO : 2026-04-07 09:31:07,454 ] -  'optimizer': {'tse_model': 'Adam'},
[ INFO : 2026-04-07 09:31:07,454 ] -  'optimizer_args': {'tse_model': {'lr': 0.001, 'weight_decay': 0.0001}},
[ INFO : 2026-04-07 09:31:07,454 ] -  'save_epoch_interval': 1,
[ INFO : 2026-04-07 09:31:07,454 ] -  'scheduler': {'tse_model': 'ExponentialDecrease'},
[ INFO : 2026-04-07 09:31:07,454 ] -  'scheduler_args': {'tse_model': {'final_lr': 2.5e-05,
[ INFO : 2026-04-07 09:31:07,454 ] -                                   'initial_lr': 0.001,
[ INFO : 2026-04-07 09:31:07,454 ] -                                   'warm_from_zero': False,
[ INFO : 2026-04-07 09:31:07,454 ] -                                   'warm_up_epoch': 0}},
[ INFO : 2026-04-07 09:31:07,454 ] -  'seed': 42,
[ INFO : 2026-04-07 09:31:07,454 ] -  'train_cues': '/share/workspace3/maduo/datasets/voxceleb2mix/data/clean/train/cues.yaml',
[ INFO : 2026-04-07 09:31:07,454 ] -  'train_data': '/share/workspace3/maduo/datasets/voxceleb2mix/data/clean/train/raw.list',
[ INFO : 2026-04-07 09:31:07,454 ] -  'train_samples': '/share/workspace3/maduo/datasets/voxceleb2mix/data/clean/train/samples.jsonl',
[ INFO : 2026-04-07 09:31:07,454 ] -  'val_cues': '/share/workspace3/maduo/datasets/voxceleb2mix/data/clean/val/cues.yaml',
[ INFO : 2026-04-07 09:31:07,454 ] -  'val_data': '/share/workspace3/maduo/datasets/voxceleb2mix/data/clean/val/raw.list',
[ INFO : 2026-04-07 09:31:07,454 ] -  'val_samples': '/share/workspace3/maduo/datasets/voxceleb2mix/data/clean/val/samples.jsonl'}
[ INFO : 2026-04-07 09:31:07,623 ] - <== Dataloaders ==>
[ INFO : 2026-04-07 09:31:07,623 ] - train dataloaders created
[ INFO : 2026-04-07 09:31:07,623 ] - epoch iteration number: 5000
[ INFO : 2026-04-07 09:31:07,623 ] - val iteration number: 1250
[ INFO : 2026-04-07 09:31:07,623 ] - <== Model ==>
[ INFO : 2026-04-07 09:31:07,918 ] - tse_model size: 34.00 M
[ INFO : 2026-04-07 09:31:07,919 ] - TSE_BSRNN_VISUAL(
[ INFO : 2026-04-07 09:31:07,919 ] -   (sep_model): BSRNN(
[ INFO : 2026-04-07 09:31:07,919 ] -     (stft): STFT()
[ INFO : 2026-04-07 09:31:07,919 ] -     (band_split): BandSplit()
[ INFO : 2026-04-07 09:31:07,919 ] -     (subband_norm): SubbandNorm(
[ INFO : 2026-04-07 09:31:07,919 ] -       (BN): ModuleList(
[ INFO : 2026-04-07 09:31:07,919 ] -         (0-14): 15 x Sequential(
[ INFO : 2026-04-07 09:31:07,920 ] -           (0): GroupNorm(1, 6, eps=1.1920928955078125e-07, affine=True)
[ INFO : 2026-04-07 09:31:07,920 ] -           (1): Conv1d(6, 128, kernel_size=(1,), stride=(1,))
[ INFO : 2026-04-07 09:31:07,920 ] -         )
[ INFO : 2026-04-07 09:31:07,920 ] -         (15-24): 10 x Sequential(
[ INFO : 2026-04-07 09:31:07,920 ] -           (0): GroupNorm(1, 12, eps=1.1920928955078125e-07, affine=True)
[ INFO : 2026-04-07 09:31:07,920 ] -           (1): Conv1d(12, 128, kernel_size=(1,), stride=(1,))
[ INFO : 2026-04-07 09:31:07,920 ] -         )
[ INFO : 2026-04-07 09:31:07,920 ] -         (25-29): 5 x Sequential(
[ INFO : 2026-04-07 09:31:07,920 ] -           (0): GroupNorm(1, 32, eps=1.1920928955078125e-07, affine=True)
[ INFO : 2026-04-07 09:31:07,920 ] -           (1): Conv1d(32, 128, kernel_size=(1,), stride=(1,))
[ INFO : 2026-04-07 09:31:07,920 ] -         )
[ INFO : 2026-04-07 09:31:07,920 ] -         (30): Sequential(
[ INFO : 2026-04-07 09:31:07,920 ] -           (0): GroupNorm(1, 128, eps=1.1920928955078125e-07, affine=True)
[ INFO : 2026-04-07 09:31:07,920 ] -           (1): Conv1d(128, 128, kernel_size=(1,), stride=(1,))
[ INFO : 2026-04-07 09:31:07,920 ] -         )
[ INFO : 2026-04-07 09:31:07,920 ] -         (31): Sequential(
[ INFO : 2026-04-07 09:31:07,920 ] -           (0): GroupNorm(1, 16, eps=1.1920928955078125e-07, affine=True)
[ INFO : 2026-04-07 09:31:07,920 ] -           (1): Conv1d(16, 128, kernel_size=(1,), stride=(1,))
[ INFO : 2026-04-07 09:31:07,920 ] -         )
[ INFO : 2026-04-07 09:31:07,920 ] -       )
[ INFO : 2026-04-07 09:31:07,920 ] -     )
[ INFO : 2026-04-07 09:31:07,920 ] -     (separator): BSRNN_Separator(
[ INFO : 2026-04-07 09:31:07,920 ] -       (separation): ModuleList(
[ INFO : 2026-04-07 09:31:07,920 ] -         (0-5): 6 x BSNet(
[ INFO : 2026-04-07 09:31:07,920 ] -           (band_rnn): ResRNN(
[ INFO : 2026-04-07 09:31:07,920 ] -             (norm): GroupNorm(1, 128, eps=1e-05, affine=True)
[ INFO : 2026-04-07 09:31:07,920 ] -             (rnn): LSTM(128, 256, batch_first=True, bidirectional=True)
[ INFO : 2026-04-07 09:31:07,920 ] -             (proj): Linear(in_features=512, out_features=128, bias=True)
[ INFO : 2026-04-07 09:31:07,920 ] -           )
[ INFO : 2026-04-07 09:31:07,920 ] -           (band_comm): ResRNN(
[ INFO : 2026-04-07 09:31:07,920 ] -             (norm): GroupNorm(1, 128, eps=1e-05, affine=True)
[ INFO : 2026-04-07 09:31:07,920 ] -             (rnn): LSTM(128, 256, batch_first=True, bidirectional=True)
[ INFO : 2026-04-07 09:31:07,920 ] -             (proj): Linear(in_features=512, out_features=128, bias=True)
[ INFO : 2026-04-07 09:31:07,920 ] -           )
[ INFO : 2026-04-07 09:31:07,920 ] -         )
[ INFO : 2026-04-07 09:31:07,920 ] -       )
[ INFO : 2026-04-07 09:31:07,920 ] -     )
[ INFO : 2026-04-07 09:31:07,920 ] -     (band_masker): BandMasker(
[ INFO : 2026-04-07 09:31:07,920 ] -       (mask): ModuleList(
[ INFO : 2026-04-07 09:31:07,920 ] -         (0-14): 15 x Sequential(
[ INFO : 2026-04-07 09:31:07,920 ] -           (0): GroupNorm(1, 128, eps=1.1920928955078125e-07, affine=True)
[ INFO : 2026-04-07 09:31:07,920 ] -           (1): Conv1d(128, 512, kernel_size=(1,), stride=(1,))
[ INFO : 2026-04-07 09:31:07,920 ] -           (2): Tanh()
[ INFO : 2026-04-07 09:31:07,920 ] -           (3): Conv1d(512, 512, kernel_size=(1,), stride=(1,))
[ INFO : 2026-04-07 09:31:07,920 ] -           (4): Tanh()
[ INFO : 2026-04-07 09:31:07,920 ] -           (5): Conv1d(512, 12, kernel_size=(1,), stride=(1,))
[ INFO : 2026-04-07 09:31:07,920 ] -         )
[ INFO : 2026-04-07 09:31:07,920 ] -         (15-24): 10 x Sequential(
[ INFO : 2026-04-07 09:31:07,920 ] -           (0): GroupNorm(1, 128, eps=1.1920928955078125e-07, affine=True)
[ INFO : 2026-04-07 09:31:07,920 ] -           (1): Conv1d(128, 512, kernel_size=(1,), stride=(1,))
[ INFO : 2026-04-07 09:31:07,920 ] -           (2): Tanh()
[ INFO : 2026-04-07 09:31:07,920 ] -           (3): Conv1d(512, 512, kernel_size=(1,), stride=(1,))
[ INFO : 2026-04-07 09:31:07,920 ] -           (4): Tanh()
[ INFO : 2026-04-07 09:31:07,920 ] -           (5): Conv1d(512, 24, kernel_size=(1,), stride=(1,))
[ INFO : 2026-04-07 09:31:07,920 ] -         )
[ INFO : 2026-04-07 09:31:07,920 ] -         (25-29): 5 x Sequential(
[ INFO : 2026-04-07 09:31:07,921 ] -           (0): GroupNorm(1, 128, eps=1.1920928955078125e-07, affine=True)
[ INFO : 2026-04-07 09:31:07,921 ] -           (1): Conv1d(128, 512, kernel_size=(1,), stride=(1,))
[ INFO : 2026-04-07 09:31:07,921 ] -           (2): Tanh()
[ INFO : 2026-04-07 09:31:07,921 ] -           (3): Conv1d(512, 512, kernel_size=(1,), stride=(1,))
[ INFO : 2026-04-07 09:31:07,921 ] -           (4): Tanh()
[ INFO : 2026-04-07 09:31:07,921 ] -           (5): Conv1d(512, 64, kernel_size=(1,), stride=(1,))
[ INFO : 2026-04-07 09:31:07,921 ] -         )
[ INFO : 2026-04-07 09:31:07,921 ] -         (30): Sequential(
[ INFO : 2026-04-07 09:31:07,921 ] -           (0): GroupNorm(1, 128, eps=1.1920928955078125e-07, affine=True)
[ INFO : 2026-04-07 09:31:07,921 ] -           (1): Conv1d(128, 512, kernel_size=(1,), stride=(1,))
[ INFO : 2026-04-07 09:31:07,921 ] -           (2): Tanh()
[ INFO : 2026-04-07 09:31:07,921 ] -           (3): Conv1d(512, 512, kernel_size=(1,), stride=(1,))
[ INFO : 2026-04-07 09:31:07,921 ] -           (4): Tanh()
[ INFO : 2026-04-07 09:31:07,921 ] -           (5): Conv1d(512, 256, kernel_size=(1,), stride=(1,))
[ INFO : 2026-04-07 09:31:07,921 ] -         )
[ INFO : 2026-04-07 09:31:07,921 ] -         (31): Sequential(
[ INFO : 2026-04-07 09:31:07,921 ] -           (0): GroupNorm(1, 128, eps=1.1920928955078125e-07, affine=True)
[ INFO : 2026-04-07 09:31:07,921 ] -           (1): Conv1d(128, 512, kernel_size=(1,), stride=(1,))
[ INFO : 2026-04-07 09:31:07,921 ] -           (2): Tanh()
[ INFO : 2026-04-07 09:31:07,921 ] -           (3): Conv1d(512, 512, kernel_size=(1,), stride=(1,))
[ INFO : 2026-04-07 09:31:07,921 ] -           (4): Tanh()
[ INFO : 2026-04-07 09:31:07,921 ] -           (5): Conv1d(512, 32, kernel_size=(1,), stride=(1,))
[ INFO : 2026-04-07 09:31:07,921 ] -         )
[ INFO : 2026-04-07 09:31:07,921 ] -       )
[ INFO : 2026-04-07 09:31:07,921 ] -     )
[ INFO : 2026-04-07 09:31:07,921 ] -     (istft): iSTFT()
[ INFO : 2026-04-07 09:31:07,921 ] -   )
[ INFO : 2026-04-07 09:31:07,921 ] -   (visual_ft): VisualFrontend(
[ INFO : 2026-04-07 09:31:07,921 ] -     (muse_visual): MuseVisualFeature(
[ INFO : 2026-04-07 09:31:07,921 ] -       (roi): Muse_LipROIProcessor()
[ INFO : 2026-04-07 09:31:07,921 ] -       (visual_frontend): Muse_VisualFrontend(
[ INFO : 2026-04-07 09:31:07,921 ] -         (frontend3D): Sequential(
[ INFO : 2026-04-07 09:31:07,921 ] -           (0): Conv3d(1, 64, kernel_size=(5, 7, 7), stride=(1, 2, 2), padding=(2, 3, 3), bias=False)
[ INFO : 2026-04-07 09:31:07,921 ] -           (1): BatchNorm3d(64, eps=0.001, momentum=0.01, affine=True, track_running_stats=True)
[ INFO : 2026-04-07 09:31:07,921 ] -           (2): ReLU()
[ INFO : 2026-04-07 09:31:07,921 ] -           (3): MaxPool3d(kernel_size=(1, 3, 3), stride=(1, 2, 2), padding=(0, 1, 1), dilation=1, ceil_mode=False)
[ INFO : 2026-04-07 09:31:07,921 ] -         )
[ INFO : 2026-04-07 09:31:07,921 ] -         (resnet): ResNet(
[ INFO : 2026-04-07 09:31:07,921 ] -           (layer1): ResNetLayer(
[ INFO : 2026-04-07 09:31:07,921 ] -             (conv1a): Conv2d(64, 64, kernel_size=(3, 3), stride=(1, 1), padding=(1, 1), bias=False)
[ INFO : 2026-04-07 09:31:07,921 ] -             (bn1a): BatchNorm2d(64, eps=0.001, momentum=0.01, affine=True, track_running_stats=True)
[ INFO : 2026-04-07 09:31:07,921 ] -             (conv2a): Conv2d(64, 64, kernel_size=(3, 3), stride=(1, 1), padding=(1, 1), bias=False)
[ INFO : 2026-04-07 09:31:07,921 ] -             (downsample): Conv2d(64, 64, kernel_size=(1, 1), stride=(1, 1), bias=False)
[ INFO : 2026-04-07 09:31:07,921 ] -             (outbna): BatchNorm2d(64, eps=0.001, momentum=0.01, affine=True, track_running_stats=True)
[ INFO : 2026-04-07 09:31:07,921 ] -             (conv1b): Conv2d(64, 64, kernel_size=(3, 3), stride=(1, 1), padding=(1, 1), bias=False)
[ INFO : 2026-04-07 09:31:07,921 ] -             (bn1b): BatchNorm2d(64, eps=0.001, momentum=0.01, affine=True, track_running_stats=True)
[ INFO : 2026-04-07 09:31:07,921 ] -             (conv2b): Conv2d(64, 64, kernel_size=(3, 3), stride=(1, 1), padding=(1, 1), bias=False)
[ INFO : 2026-04-07 09:31:07,921 ] -             (outbnb): BatchNorm2d(64, eps=0.001, momentum=0.01, affine=True, track_running_stats=True)
[ INFO : 2026-04-07 09:31:07,921 ] -           )
[ INFO : 2026-04-07 09:31:07,921 ] -           (layer2): ResNetLayer(
[ INFO : 2026-04-07 09:31:07,921 ] -             (conv1a): Conv2d(64, 128, kernel_size=(3, 3), stride=(2, 2), padding=(1, 1), bias=False)
[ INFO : 2026-04-07 09:31:07,921 ] -             (bn1a): BatchNorm2d(128, eps=0.001, momentum=0.01, affine=True, track_running_stats=True)
[ INFO : 2026-04-07 09:31:07,921 ] -             (conv2a): Conv2d(128, 128, kernel_size=(3, 3), stride=(1, 1), padding=(1, 1), bias=False)
[ INFO : 2026-04-07 09:31:07,921 ] -             (downsample): Conv2d(64, 128, kernel_size=(1, 1), stride=(2, 2), bias=False)
[ INFO : 2026-04-07 09:31:07,921 ] -             (outbna): BatchNorm2d(128, eps=0.001, momentum=0.01, affine=True, track_running_stats=True)
[ INFO : 2026-04-07 09:31:07,921 ] -             (conv1b): Conv2d(128, 128, kernel_size=(3, 3), stride=(1, 1), padding=(1, 1), bias=False)
[ INFO : 2026-04-07 09:31:07,922 ] -             (bn1b): BatchNorm2d(128, eps=0.001, momentum=0.01, affine=True, track_running_stats=True)
[ INFO : 2026-04-07 09:31:07,922 ] -             (conv2b): Conv2d(128, 128, kernel_size=(3, 3), stride=(1, 1), padding=(1, 1), bias=False)
[ INFO : 2026-04-07 09:31:07,922 ] -             (outbnb): BatchNorm2d(128, eps=0.001, momentum=0.01, affine=True, track_running_stats=True)
[ INFO : 2026-04-07 09:31:07,922 ] -           )
[ INFO : 2026-04-07 09:31:07,922 ] -           (layer3): ResNetLayer(
[ INFO : 2026-04-07 09:31:07,922 ] -             (conv1a): Conv2d(128, 256, kernel_size=(3, 3), stride=(2, 2), padding=(1, 1), bias=False)
[ INFO : 2026-04-07 09:31:07,922 ] -             (bn1a): BatchNorm2d(256, eps=0.001, momentum=0.01, affine=True, track_running_stats=True)
[ INFO : 2026-04-07 09:31:07,922 ] -             (conv2a): Conv2d(256, 256, kernel_size=(3, 3), stride=(1, 1), padding=(1, 1), bias=False)
[ INFO : 2026-04-07 09:31:07,922 ] -             (downsample): Conv2d(128, 256, kernel_size=(1, 1), stride=(2, 2), bias=False)
[ INFO : 2026-04-07 09:31:07,922 ] -             (outbna): BatchNorm2d(256, eps=0.001, momentum=0.01, affine=True, track_running_stats=True)
[ INFO : 2026-04-07 09:31:07,922 ] -             (conv1b): Conv2d(256, 256, kernel_size=(3, 3), stride=(1, 1), padding=(1, 1), bias=False)
[ INFO : 2026-04-07 09:31:07,922 ] -             (bn1b): BatchNorm2d(256, eps=0.001, momentum=0.01, affine=True, track_running_stats=True)
[ INFO : 2026-04-07 09:31:07,922 ] -             (conv2b): Conv2d(256, 256, kernel_size=(3, 3), stride=(1, 1), padding=(1, 1), bias=False)
[ INFO : 2026-04-07 09:31:07,922 ] -             (outbnb): BatchNorm2d(256, eps=0.001, momentum=0.01, affine=True, track_running_stats=True)
[ INFO : 2026-04-07 09:31:07,922 ] -           )
[ INFO : 2026-04-07 09:31:07,922 ] -           (layer4): ResNetLayer(
[ INFO : 2026-04-07 09:31:07,922 ] -             (conv1a): Conv2d(256, 512, kernel_size=(3, 3), stride=(2, 2), padding=(1, 1), bias=False)
[ INFO : 2026-04-07 09:31:07,922 ] -             (bn1a): BatchNorm2d(512, eps=0.001, momentum=0.01, affine=True, track_running_stats=True)
[ INFO : 2026-04-07 09:31:07,922 ] -             (conv2a): Conv2d(512, 512, kernel_size=(3, 3), stride=(1, 1), padding=(1, 1), bias=False)
[ INFO : 2026-04-07 09:31:07,922 ] -             (downsample): Conv2d(256, 512, kernel_size=(1, 1), stride=(2, 2), bias=False)
[ INFO : 2026-04-07 09:31:07,922 ] -             (outbna): BatchNorm2d(512, eps=0.001, momentum=0.01, affine=True, track_running_stats=True)
[ INFO : 2026-04-07 09:31:07,922 ] -             (conv1b): Conv2d(512, 512, kernel_size=(3, 3), stride=(1, 1), padding=(1, 1), bias=False)
[ INFO : 2026-04-07 09:31:07,922 ] -             (bn1b): BatchNorm2d(512, eps=0.001, momentum=0.01, affine=True, track_running_stats=True)
[ INFO : 2026-04-07 09:31:07,922 ] -             (conv2b): Conv2d(512, 512, kernel_size=(3, 3), stride=(1, 1), padding=(1, 1), bias=False)
[ INFO : 2026-04-07 09:31:07,922 ] -             (outbnb): BatchNorm2d(512, eps=0.001, momentum=0.01, affine=True, track_running_stats=True)
[ INFO : 2026-04-07 09:31:07,922 ] -           )
[ INFO : 2026-04-07 09:31:07,922 ] -           (avgpool): AvgPool2d(kernel_size=(4, 4), stride=(1, 1), padding=0)
[ INFO : 2026-04-07 09:31:07,922 ] -         )
[ INFO : 2026-04-07 09:31:07,922 ] -       )
[ INFO : 2026-04-07 09:31:07,922 ] -       (vtcn): Sequential(
[ INFO : 2026-04-07 09:31:07,922 ] -         (0): Muse_VisualConv1D(
[ INFO : 2026-04-07 09:31:07,922 ] -           (net): Sequential(
[ INFO : 2026-04-07 09:31:07,922 ] -             (0): ReLU()
[ INFO : 2026-04-07 09:31:07,922 ] -             (1): BatchNorm1d(512, eps=1e-05, momentum=0.1, affine=True, track_running_stats=True)
[ INFO : 2026-04-07 09:31:07,922 ] -             (2): Conv1d(512, 512, kernel_size=(3,), stride=(1,), padding=(1,), groups=512, bias=False)
[ INFO : 2026-04-07 09:31:07,922 ] -             (3): PReLU(num_parameters=1)
[ INFO : 2026-04-07 09:31:07,922 ] -             (4): BatchNorm1d(512, eps=1e-05, momentum=0.1, affine=True, track_running_stats=True)
[ INFO : 2026-04-07 09:31:07,922 ] -             (5): Conv1d(512, 512, kernel_size=(1,), stride=(1,), bias=False)
[ INFO : 2026-04-07 09:31:07,922 ] -           )
[ INFO : 2026-04-07 09:31:07,922 ] -         )
[ INFO : 2026-04-07 09:31:07,922 ] -         (1): Muse_VisualConv1D(
[ INFO : 2026-04-07 09:31:07,922 ] -           (net): Sequential(
[ INFO : 2026-04-07 09:31:07,922 ] -             (0): ReLU()
[ INFO : 2026-04-07 09:31:07,922 ] -             (1): BatchNorm1d(512, eps=1e-05, momentum=0.1, affine=True, track_running_stats=True)
[ INFO : 2026-04-07 09:31:07,922 ] -             (2): Conv1d(512, 512, kernel_size=(3,), stride=(1,), padding=(1,), groups=512, bias=False)
[ INFO : 2026-04-07 09:31:07,922 ] -             (3): PReLU(num_parameters=1)
[ INFO : 2026-04-07 09:31:07,922 ] -             (4): BatchNorm1d(512, eps=1e-05, momentum=0.1, affine=True, track_running_stats=True)
[ INFO : 2026-04-07 09:31:07,922 ] -             (5): Conv1d(512, 512, kernel_size=(1,), stride=(1,), bias=False)
[ INFO : 2026-04-07 09:31:07,922 ] -           )
[ INFO : 2026-04-07 09:31:07,922 ] -         )
[ INFO : 2026-04-07 09:31:07,922 ] -         (2): Muse_VisualConv1D(
[ INFO : 2026-04-07 09:31:07,922 ] -           (net): Sequential(
[ INFO : 2026-04-07 09:31:07,922 ] -             (0): ReLU()
[ INFO : 2026-04-07 09:31:07,922 ] -             (1): BatchNorm1d(512, eps=1e-05, momentum=0.1, affine=True, track_running_stats=True)
[ INFO : 2026-04-07 09:31:07,922 ] -             (2): Conv1d(512, 512, kernel_size=(3,), stride=(1,), padding=(1,), groups=512, bias=False)
[ INFO : 2026-04-07 09:31:07,923 ] -             (3): PReLU(num_parameters=1)
[ INFO : 2026-04-07 09:31:07,923 ] -             (4): BatchNorm1d(512, eps=1e-05, momentum=0.1, affine=True, track_running_stats=True)
[ INFO : 2026-04-07 09:31:07,923 ] -             (5): Conv1d(512, 512, kernel_size=(1,), stride=(1,), bias=False)
[ INFO : 2026-04-07 09:31:07,923 ] -           )
[ INFO : 2026-04-07 09:31:07,923 ] -         )
[ INFO : 2026-04-07 09:31:07,923 ] -         (3): Muse_VisualConv1D(
[ INFO : 2026-04-07 09:31:07,923 ] -           (net): Sequential(
[ INFO : 2026-04-07 09:31:07,923 ] -             (0): ReLU()
[ INFO : 2026-04-07 09:31:07,923 ] -             (1): BatchNorm1d(512, eps=1e-05, momentum=0.1, affine=True, track_running_stats=True)
[ INFO : 2026-04-07 09:31:07,923 ] -             (2): Conv1d(512, 512, kernel_size=(3,), stride=(1,), padding=(1,), groups=512, bias=False)
[ INFO : 2026-04-07 09:31:07,923 ] -             (3): PReLU(num_parameters=1)
[ INFO : 2026-04-07 09:31:07,923 ] -             (4): BatchNorm1d(512, eps=1e-05, momentum=0.1, affine=True, track_running_stats=True)
[ INFO : 2026-04-07 09:31:07,923 ] -             (5): Conv1d(512, 512, kernel_size=(1,), stride=(1,), bias=False)
[ INFO : 2026-04-07 09:31:07,923 ] -           )
[ INFO : 2026-04-07 09:31:07,923 ] -         )
[ INFO : 2026-04-07 09:31:07,923 ] -         (4): Muse_VisualConv1D(
[ INFO : 2026-04-07 09:31:07,923 ] -           (net): Sequential(
[ INFO : 2026-04-07 09:31:07,923 ] -             (0): ReLU()
[ INFO : 2026-04-07 09:31:07,923 ] -             (1): BatchNorm1d(512, eps=1e-05, momentum=0.1, affine=True, track_running_stats=True)
[ INFO : 2026-04-07 09:31:07,923 ] -             (2): Conv1d(512, 512, kernel_size=(3,), stride=(1,), padding=(1,), groups=512, bias=False)
[ INFO : 2026-04-07 09:31:07,923 ] -             (3): PReLU(num_parameters=1)
[ INFO : 2026-04-07 09:31:07,923 ] -             (4): BatchNorm1d(512, eps=1e-05, momentum=0.1, affine=True, track_running_stats=True)
[ INFO : 2026-04-07 09:31:07,923 ] -             (5): Conv1d(512, 512, kernel_size=(1,), stride=(1,), bias=False)
[ INFO : 2026-04-07 09:31:07,923 ] -           )
[ INFO : 2026-04-07 09:31:07,923 ] -         )
[ INFO : 2026-04-07 09:31:07,923 ] -       )
[ INFO : 2026-04-07 09:31:07,923 ] -       (fusionLayer): SpeakerFuseLayer(
[ INFO : 2026-04-07 09:31:07,923 ] -         (fc): LinearLayer(
[ INFO : 2026-04-07 09:31:07,923 ] -           (linear): Linear(in_features=640, out_features=128, bias=True)
[ INFO : 2026-04-07 09:31:07,923 ] -         )
[ INFO : 2026-04-07 09:31:07,923 ] -       )
[ INFO : 2026-04-07 09:31:07,923 ] -     )
[ INFO : 2026-04-07 09:31:07,923 ] -   )
[ INFO : 2026-04-07 09:31:07,923 ] - )
[ INFO : 2026-04-07 09:31:09,667 ] - <== TSE Model Loss ==>
[ INFO : 2026-04-07 09:31:09,667 ] - loss criterion is: SISDR
[ INFO : 2026-04-07 09:31:09,668 ] - <== TSE Model Optimizer ==>
[ INFO : 2026-04-07 09:31:09,668 ] - optimizer is: Adam
[ INFO : 2026-04-07 09:31:09,668 ] - <== TSE Model Scheduler ==>
[ INFO : 2026-04-07 09:31:09,668 ] - scheduler is: ExponentialDecrease
[ INFO : 2026-04-07 09:31:10,338 ] - Load checkpoint: /share/workspace3/maduo/exp/TSE_BSRNN_VIS_with_musan/models/checkpoint_3.pt
[ INFO : 2026-04-07 09:31:10,338 ] - start_epoch: 4
[ INFO : 2026-04-07 09:31:10,428 ] - <========== Training process ==========>
[ INFO : 2026-04-07 09:31:10,428 ] - +----------+----------+----------+----------+----------+
[ INFO : 2026-04-07 09:31:10,428 ] - | Train/Val|     Epoch|      iter|      Loss|        LR|
[ INFO : 2026-04-07 09:31:10,428 ] - +----------+----------+----------+----------+----------+
[ INFO : 2026-04-07 09:33:23,668 ] - |     TRAIN|         4|       100|    33.322|0.00092843|
[ INFO : 2026-04-07 09:34:05,589 ] - |     TRAIN|         4|       200|    33.427|0.00092797|
[ INFO : 2026-04-07 09:34:46,447 ] - |     TRAIN|         4|       300|    33.526|0.00092751|
[ INFO : 2026-04-07 09:35:24,409 ] - |     TRAIN|         4|       400|    33.565|0.00092706|
[ INFO : 2026-04-07 09:36:04,071 ] - |     TRAIN|         4|       500|    33.588| 0.0009266|
[ INFO : 2026-04-07 09:36:50,937 ] - |     TRAIN|         4|       600|    33.591|0.00092615|
[ INFO : 2026-04-07 09:37:36,641 ] - |     TRAIN|         4|       700|    33.541|0.00092569|
[ INFO : 2026-04-07 09:38:22,927 ] - |     TRAIN|         4|       800|    33.536|0.00092524|
[ INFO : 2026-04-07 09:39:16,770 ] - |     TRAIN|         4|       900|    33.552|0.00092478|
[ INFO : 2026-04-07 09:40:07,499 ] - |     TRAIN|         4|      1000|    33.556|0.00092433|
[ INFO : 2026-04-07 09:40:57,228 ] - |     TRAIN|         4|      1100|    33.559|0.00092387|
[ INFO : 2026-04-07 09:41:47,991 ] - |     TRAIN|         4|      1200|    33.569|0.00092342|
[ INFO : 2026-04-07 09:43:11,728 ] - |     TRAIN|         4|      1300|    33.598|0.00092296|
[ INFO : 2026-04-07 09:43:50,912 ] - |     TRAIN|         4|      1400|    33.603|0.00092251|
[ INFO : 2026-04-07 09:44:28,025 ] - |     TRAIN|         4|      1500|    33.615|0.00092205|
[ INFO : 2026-04-07 09:45:07,358 ] - |     TRAIN|         4|      1600|    33.628| 0.0009216|
[ INFO : 2026-04-07 09:45:42,461 ] - |     TRAIN|         4|      1700|    33.637|0.00092115|
[ INFO : 2026-04-07 09:46:20,601 ] - |     TRAIN|         4|      1800|    33.651| 0.0009207|
[ INFO : 2026-04-07 09:47:01,616 ] - |     TRAIN|         4|      1900|    33.651|0.00092024|
[ INFO : 2026-04-07 09:47:45,295 ] - |     TRAIN|         4|      2000|    33.661|0.00091979|
[ INFO : 2026-04-07 09:48:28,308 ] - |     TRAIN|         4|      2100|    33.672|0.00091934|
[ INFO : 2026-04-07 09:49:16,513 ] - |     TRAIN|         4|      2200|     33.68|0.00091889|
[ INFO : 2026-04-07 09:50:03,594 ] - |     TRAIN|         4|      2300|    33.692|0.00091843|
[ INFO : 2026-04-07 09:50:50,041 ] - |     TRAIN|         4|      2400|    33.692|0.00091798|
[ INFO : 2026-04-07 09:51:37,818 ] - |     TRAIN|         4|      2500|    33.688|0.00091753|
[ INFO : 2026-04-07 09:52:52,738 ] - |     TRAIN|         4|      2600|    33.695|0.00091708|
[ INFO : 2026-04-07 09:53:27,845 ] - |     TRAIN|         4|      2700|    33.699|0.00091663|
[ INFO : 2026-04-07 09:54:03,403 ] - |     TRAIN|         4|      2800|      33.7|0.00091618|
[ INFO : 2026-04-07 09:54:38,338 ] - |     TRAIN|         4|      2900|    33.693|0.00091573|
[ INFO : 2026-04-07 09:55:13,358 ] - |     TRAIN|         4|      3000|    33.693|0.00091528|
[ INFO : 2026-04-07 09:55:49,585 ] - |     TRAIN|         4|      3100|    33.699|0.00091483|
[ INFO : 2026-04-07 09:56:29,079 ] - |     TRAIN|         4|      3200|    33.693|0.00091438|
[ INFO : 2026-04-07 09:57:09,698 ] - |     TRAIN|         4|      3300|    33.691|0.00091393|
[ INFO : 2026-04-07 09:57:56,364 ] - |     TRAIN|         4|      3400|    33.687|0.00091348|
[ INFO : 2026-04-07 09:58:42,397 ] - |     TRAIN|         4|      3500|    33.679|0.00091303|
[ INFO : 2026-04-07 09:59:30,045 ] - |     TRAIN|         4|      3600|    33.672|0.00091258|
[ INFO : 2026-04-07 10:00:16,248 ] - |     TRAIN|         4|      3700|    33.671|0.00091213|
[ INFO : 2026-04-07 10:01:37,264 ] - |     TRAIN|         4|      3800|    33.665|0.00091168|
[ INFO : 2026-04-07 10:02:12,651 ] - |     TRAIN|         4|      3900|    33.663|0.00091123|
[ INFO : 2026-04-07 10:02:47,681 ] - |     TRAIN|         4|      4000|    33.659|0.00091079|
[ INFO : 2026-04-07 10:03:22,703 ] - |     TRAIN|         4|      4100|    33.649|0.00091034|
[ INFO : 2026-04-07 10:03:57,857 ] - |     TRAIN|         4|      4200|    33.642|0.00090989|
[ INFO : 2026-04-07 10:04:32,282 ] - |     TRAIN|         4|      4300|    33.634|0.00090944|
[ INFO : 2026-04-07 10:05:11,822 ] - |     TRAIN|         4|      4400|    33.621|  0.000909|
[ INFO : 2026-04-07 10:05:51,423 ] - |     TRAIN|         4|      4500|    33.611|0.00090855|
[ INFO : 2026-04-07 10:06:33,387 ] - |     TRAIN|         4|      4600|      33.6| 0.0009081|
[ INFO : 2026-04-07 10:07:19,434 ] - |     TRAIN|         4|      4700|    33.595|0.00090766|
[ INFO : 2026-04-07 10:08:05,584 ] - |     TRAIN|         4|      4800|    33.589|0.00090721|
[ INFO : 2026-04-07 10:08:50,982 ] - |     TRAIN|         4|      4900|    33.582|0.00090676|
[ INFO : 2026-04-07 10:09:35,999 ] - |     TRAIN|         4|      5000|    33.577|0.00090632|
/share/workspace3/maduo/codebase/wesep_wenet/examples/visual/voxceleb2mix/wesep/utils/executor.py:187: FutureWarning: `torch.cuda.amp.autocast(args...)` is deprecated. Please use `torch.amp.autocast('cuda', args...)` instead.
  with torch.cuda.amp.autocast(enabled=enable_amp):
[ INFO : 2026-04-07 10:10:18,336 ] - |       VAL|         4|       100|    33.231|         -|
[ INFO : 2026-04-07 10:10:49,739 ] - |       VAL|         4|       200|    33.217|         -|
[ INFO : 2026-04-07 10:11:21,233 ] - |       VAL|         4|       300|    33.298|         -|
[ INFO : 2026-04-07 10:11:52,587 ] - |       VAL|         4|       400|    33.339|         -|
[ INFO : 2026-04-07 10:12:23,887 ] - |       VAL|         4|       500|    33.339|         -|
[ INFO : 2026-04-07 10:12:54,897 ] - |       VAL|         4|       600|    33.307|         -|
[ INFO : 2026-04-07 10:13:25,786 ] - |       VAL|         4|       700|    33.315|         -|
[ INFO : 2026-04-07 10:13:56,652 ] - |       VAL|         4|       800|    33.345|         -|
[ INFO : 2026-04-07 10:14:27,890 ] - |       VAL|         4|       900|    33.371|         -|
[ INFO : 2026-04-07 10:14:59,213 ] - |       VAL|         4|      1000|    33.343|         -|
[ INFO : 2026-04-07 10:15:30,648 ] - |       VAL|         4|      1100|    33.333|         -|
[ INFO : 2026-04-07 10:16:01,883 ] - |       VAL|         4|      1200|    33.336|         -|
[ INFO : 2026-04-07 10:16:18,030 ] - Epoch 4 Train info train_loss 33.57650965461731
[ INFO : 2026-04-07 10:16:18,030 ] - Epoch 4 Val info val_loss 33.31022265167236
[ DEBUG : 2026-04-07 10:16:18,036 ] - Loaded backend agg version v2.2.
[ INFO : 2026-04-07 10:17:23,546 ] - |     TRAIN|         5|       100|    33.278|0.00090587|
[ INFO : 2026-04-07 10:17:58,184 ] - |     TRAIN|         5|       200|    33.241|0.00090543|
[ INFO : 2026-04-07 10:18:32,844 ] - |     TRAIN|         5|       300|     33.28|0.00090498|
[ INFO : 2026-04-07 10:19:07,368 ] - |     TRAIN|         5|       400|    33.267|0.00090454|
[ INFO : 2026-04-07 10:19:46,384 ] - |     TRAIN|         5|       500|    33.257|0.00090409|
[ INFO : 2026-04-07 10:20:26,586 ] - |     TRAIN|         5|       600|    33.297|0.00090365|
[ INFO : 2026-04-07 10:21:13,625 ] - |     TRAIN|         5|       700|    33.352| 0.0009032|
[ INFO : 2026-04-07 10:22:01,769 ] - |     TRAIN|         5|       800|    33.379|0.00090276|
[ INFO : 2026-04-07 10:22:48,960 ] - |     TRAIN|         5|       900|    33.397|0.00090231|
[ INFO : 2026-04-07 10:23:35,174 ] - |     TRAIN|         5|      1000|    33.374|0.00090187|
[ INFO : 2026-04-07 10:24:21,347 ] - |     TRAIN|         5|      1100|    33.357|0.00090143|
[ INFO : 2026-04-07 10:25:12,152 ] - |     TRAIN|         5|      1200|    33.343|0.00090098|
[ INFO : 2026-04-07 10:29:03,710 ] - |     TRAIN|         5|      1300|     33.35|0.00090054|
[ INFO : 2026-04-07 10:29:51,038 ] - |     TRAIN|         5|      1400|    33.323| 0.0009001|
[ INFO : 2026-04-07 10:30:38,014 ] - |     TRAIN|         5|      1500|    33.328|0.00089966|
[ INFO : 2026-04-07 10:31:27,111 ] - |     TRAIN|         5|      1600|     33.32|0.00089921|
[ INFO : 2026-04-07 10:32:24,636 ] - |     TRAIN|         5|      1700|    33.326|0.00089877|
[ INFO : 2026-04-07 10:33:08,402 ] - |     TRAIN|         5|      1800|    33.326|0.00089833|
[ INFO : 2026-04-07 10:34:03,876 ] - |     TRAIN|         5|      1900|    33.323|0.00089789|
[ INFO : 2026-04-07 10:34:55,679 ] - |     TRAIN|         5|      2000|    33.328|0.00089745|
[ INFO : 2026-04-07 10:35:44,882 ] - |     TRAIN|         5|      2100|    33.317|  0.000897|
[ INFO : 2026-04-07 10:36:38,532 ] - |     TRAIN|         5|      2200|    33.317|0.00089656|
[ INFO : 2026-04-07 10:37:36,256 ] - |     TRAIN|         5|      2300|     33.32|0.00089612|
[ INFO : 2026-04-07 10:38:32,611 ] - |     TRAIN|         5|      2400|    33.322|0.00089568|
[ INFO : 2026-04-07 10:39:24,077 ] - |     TRAIN|         5|      2500|    33.332|0.00089524|
[ INFO : 2026-04-07 10:43:10,864 ] - |     TRAIN|         5|      2600|    33.329| 0.0008948|
[ INFO : 2026-04-07 10:43:49,930 ] - |     TRAIN|         5|      2700|    33.328|0.00089436|
[ INFO : 2026-04-07 10:44:30,393 ] - |     TRAIN|         5|      2800|    33.333|0.00089392|
[ INFO : 2026-04-07 10:45:10,360 ] - |     TRAIN|         5|      2900|    33.336|0.00089348|
[ INFO : 2026-04-07 10:45:58,792 ] - |     TRAIN|         5|      3000|    33.333|0.00089304|
[ INFO : 2026-04-07 10:46:43,880 ] - |     TRAIN|         5|      3100|    33.328| 0.0008926|
[ INFO : 2026-04-07 10:47:31,392 ] - |     TRAIN|         5|      3200|    33.327|0.00089216|
[ INFO : 2026-04-07 10:48:16,661 ] - |     TRAIN|         5|      3300|     33.33|0.00089173|
[ INFO : 2026-04-07 10:49:04,278 ] - |     TRAIN|         5|      3400|    33.327|0.00089129|
[ INFO : 2026-04-07 10:49:56,820 ] - |     TRAIN|         5|      3500|     33.32|0.00089085|
[ INFO : 2026-04-07 10:50:49,143 ] - |     TRAIN|         5|      3600|     33.33|0.00089041|
[ INFO : 2026-04-07 10:51:40,524 ] - |     TRAIN|         5|      3700|    33.331|0.00088997|
[ INFO : 2026-04-07 10:55:20,057 ] - |     TRAIN|         5|      3800|    33.331|0.00088954|
[ INFO : 2026-04-07 10:55:58,643 ] - |     TRAIN|         5|      3900|    33.337| 0.0008891|
[ INFO : 2026-04-07 10:56:38,515 ] - |     TRAIN|         5|      4000|     33.34|0.00088866|
[ INFO : 2026-04-07 10:57:14,955 ] - |     TRAIN|         5|      4100|    33.345|0.00088822|
[ INFO : 2026-04-07 10:57:57,056 ] - |     TRAIN|         5|      4200|    33.355|0.00088779|
[ INFO : 2026-04-07 10:58:34,198 ] - |     TRAIN|         5|      4300|    33.366|0.00088735|
[ INFO : 2026-04-07 10:59:19,540 ] - |     TRAIN|         5|      4400|    33.377|0.00088691|
[ INFO : 2026-04-07 11:00:04,602 ] - |     TRAIN|         5|      4500|    33.389|0.00088648|
[ INFO : 2026-04-07 11:00:49,648 ] - |     TRAIN|         5|      4600|    33.391|0.00088604|
[ INFO : 2026-04-07 11:01:39,400 ] - |     TRAIN|         5|      4700|    33.401|0.00088561|
[ INFO : 2026-04-07 11:02:31,121 ] - |     TRAIN|         5|      4800|    33.403|0.00088517|
[ INFO : 2026-04-07 11:03:20,506 ] - |     TRAIN|         5|      4900|    33.416|0.00088474|
[ INFO : 2026-04-07 11:04:08,970 ] - |     TRAIN|         5|      5000|     33.42| 0.0008843|
/share/workspace3/maduo/codebase/wesep_wenet/examples/visual/voxceleb2mix/wesep/utils/executor.py:187: FutureWarning: `torch.cuda.amp.autocast(args...)` is deprecated. Please use `torch.amp.autocast('cuda', args...)` instead.
  with torch.cuda.amp.autocast(enabled=enable_amp):
[ INFO : 2026-04-07 11:05:17,790 ] - |       VAL|         5|       100|    33.598|         -|
[ INFO : 2026-04-07 11:06:13,345 ] - |       VAL|         5|       200|    33.597|         -|
[ INFO : 2026-04-07 11:07:10,169 ] - |       VAL|         5|       300|     33.49|         -|
[ INFO : 2026-04-07 11:08:05,936 ] - |       VAL|         5|       400|    33.489|         -|
[ INFO : 2026-04-07 11:09:01,689 ] - |       VAL|         5|       500|    33.533|         -|
[ INFO : 2026-04-07 11:09:56,578 ] - |       VAL|         5|       600|    33.492|         -|
[ INFO : 2026-04-07 11:10:48,755 ] - |       VAL|         5|       700|    33.514|         -|
[ INFO : 2026-04-07 11:11:40,322 ] - |       VAL|         5|       800|    33.516|         -|
[ INFO : 2026-04-07 11:12:33,452 ] - |       VAL|         5|       900|    33.501|         -|
[ INFO : 2026-04-07 11:13:24,562 ] - |       VAL|         5|      1000|    33.497|         -|
[ INFO : 2026-04-07 11:14:16,160 ] - |       VAL|         5|      1100|     33.49|         -|
[ INFO : 2026-04-07 11:15:07,007 ] - |       VAL|         5|      1200|     33.48|         -|
[ INFO : 2026-04-07 11:15:34,674 ] - Epoch 5 Train info train_loss 33.41967611885071
[ INFO : 2026-04-07 11:15:34,674 ] - Epoch 5 Val info val_loss 33.465674276733395
[ INFO : 2026-04-07 11:17:57,831 ] - |     TRAIN|         6|       100|    33.277|0.00088387|
[ INFO : 2026-04-07 11:18:36,165 ] - |     TRAIN|         6|       200|    33.454|0.00088343|
[ INFO : 2026-04-07 11:19:13,452 ] - |     TRAIN|         6|       300|     33.47|  0.000883|
[ INFO : 2026-04-07 11:19:48,019 ] - |     TRAIN|         6|       400|    33.475|0.00088256|
[ INFO : 2026-04-07 11:20:31,419 ] - |     TRAIN|         6|       500|     33.57|0.00088213|
[ INFO : 2026-04-07 11:21:13,148 ] - |     TRAIN|         6|       600|     33.54| 0.0008817|
[ INFO : 2026-04-07 11:22:00,594 ] - |     TRAIN|         6|       700|    33.554|0.00088126|
[ INFO : 2026-04-07 11:22:49,818 ] - |     TRAIN|         6|       800|    33.521|0.00088083|
[ INFO : 2026-04-07 11:23:43,117 ] - |     TRAIN|         6|       900|    33.503| 0.0008804|
[ INFO : 2026-04-07 11:24:31,161 ] - |     TRAIN|         6|      1000|    33.504|0.00087996|
[ INFO : 2026-04-07 11:25:18,317 ] - |     TRAIN|         6|      1100|    33.483|0.00087953|
[ INFO : 2026-04-07 11:26:07,275 ] - |     TRAIN|         6|      1200|    33.459| 0.0008791|
[ INFO : 2026-04-07 11:43:24,545 ] - |     TRAIN|         6|      1300|    33.439|0.00087866|
[ INFO : 2026-04-07 11:44:02,130 ] - |     TRAIN|         6|      1400|    33.444|0.00087823|
[ INFO : 2026-04-07 11:44:43,498 ] - |     TRAIN|         6|      1500|    33.459| 0.0008778|
[ INFO : 2026-04-07 11:45:37,967 ] - |     TRAIN|         6|      1600|    33.463|0.00087737|
[ INFO : 2026-04-07 11:46:26,742 ] - |     TRAIN|         6|      1700|    33.461|0.00087694|
[ INFO : 2026-04-07 11:47:05,116 ] - |     TRAIN|         6|      1800|    33.466|0.00087651|
[ INFO : 2026-04-07 11:47:44,105 ] - |     TRAIN|         6|      1900|    33.456|0.00087608|
[ INFO : 2026-04-07 11:48:21,544 ] - |     TRAIN|         6|      2000|    33.442|0.00087564|
[ INFO : 2026-04-07 11:49:00,185 ] - |     TRAIN|         6|      2100|    33.455|0.00087521|
[ INFO : 2026-04-07 11:49:48,993 ] - |     TRAIN|         6|      2200|    33.456|0.00087478|
[ INFO : 2026-04-07 11:50:42,187 ] - |     TRAIN|         6|      2300|    33.451|0.00087435|
[ INFO : 2026-04-07 11:51:33,323 ] - |     TRAIN|         6|      2400|    33.456|0.00087392|
[ INFO : 2026-04-07 11:52:23,570 ] - |     TRAIN|         6|      2500|    33.455|0.00087349|
[ INFO : 2026-04-07 11:55:56,228 ] - |     TRAIN|         6|      2600|    33.456|0.00087306|
[ INFO : 2026-04-07 11:56:33,679 ] - |     TRAIN|         6|      2700|    33.457|0.00087264|
[ INFO : 2026-04-07 11:57:12,560 ] - |     TRAIN|         6|      2800|    33.449|0.00087221|
[ INFO : 2026-04-07 11:57:53,706 ] - |     TRAIN|         6|      2900|     33.45|0.00087178|
[ INFO : 2026-04-07 11:58:32,370 ] - |     TRAIN|         6|      3000|    33.452|0.00087135|
[ INFO : 2026-04-07 11:59:09,653 ] - |     TRAIN|         6|      3100|    33.458|0.00087092|
[ INFO : 2026-04-07 11:59:47,361 ] - |     TRAIN|         6|      3200|    33.456|0.00087049|
[ INFO : 2026-04-07 12:00:24,707 ] - |     TRAIN|         6|      3300|    33.457|0.00087006|
[ INFO : 2026-04-07 12:01:09,155 ] - |     TRAIN|         6|      3400|    33.458|0.00086964|
[ INFO : 2026-04-07 12:02:01,644 ] - |     TRAIN|         6|      3500|    33.454|0.00086921|
[ INFO : 2026-04-07 12:02:52,091 ] - |     TRAIN|         6|      3600|    33.447|0.00086878|
[ INFO : 2026-04-07 12:03:42,824 ] - |     TRAIN|         6|      3700|     33.44|0.00086835|
[ INFO : 2026-04-07 12:07:24,217 ] - |     TRAIN|         6|      3800|    33.436|0.00086793|
[ INFO : 2026-04-07 12:08:01,312 ] - |     TRAIN|         6|      3900|    33.426| 0.0008675|
[ INFO : 2026-04-07 12:08:37,199 ] - |     TRAIN|         6|      4000|    33.425|0.00086707|
[ INFO : 2026-04-07 12:09:14,618 ] - |     TRAIN|         6|      4100|    33.419|0.00086665|
[ INFO : 2026-04-07 12:09:52,630 ] - |     TRAIN|         6|      4200|    33.416|0.00086622|
[ INFO : 2026-04-07 12:10:29,069 ] - |     TRAIN|         6|      4300|    33.414|0.00086579|
[ INFO : 2026-04-07 12:11:06,725 ] - |     TRAIN|         6|      4400|    33.417|0.00086537|
[ INFO : 2026-04-07 12:11:41,889 ] - |     TRAIN|         6|      4500|    33.419|0.00086494|
[ INFO : 2026-04-07 12:12:22,432 ] - |     TRAIN|         6|      4600|    33.422|0.00086452|
[ INFO : 2026-04-07 12:13:11,122 ] - |     TRAIN|         6|      4700|    33.421|0.00086409|
[ INFO : 2026-04-07 12:14:01,899 ] - |     TRAIN|         6|      4800|    33.424|0.00086367|
[ INFO : 2026-04-07 12:14:52,632 ] - |     TRAIN|         6|      4900|    33.432|0.00086324|
[ INFO : 2026-04-07 12:15:42,189 ] - |     TRAIN|         6|      5000|    33.437|0.00086282|
/share/workspace3/maduo/codebase/wesep_wenet/examples/visual/voxceleb2mix/wesep/utils/executor.py:187: FutureWarning: `torch.cuda.amp.autocast(args...)` is deprecated. Please use `torch.amp.autocast('cuda', args...)` instead.
  with torch.cuda.amp.autocast(enabled=enable_amp):
[ INFO : 2026-04-07 12:16:48,616 ] - |       VAL|         6|       100|    33.306|         -|
[ INFO : 2026-04-07 12:17:39,968 ] - |       VAL|         6|       200|      33.5|         -|
[ INFO : 2026-04-07 12:18:31,807 ] - |       VAL|         6|       300|    33.509|         -|
[ INFO : 2026-04-07 12:19:24,648 ] - |       VAL|         6|       400|    33.546|         -|
[ INFO : 2026-04-07 12:20:15,834 ] - |       VAL|         6|       500|    33.588|         -|
[ INFO : 2026-04-07 12:21:05,724 ] - |       VAL|         6|       600|    33.568|         -|
[ INFO : 2026-04-07 12:21:55,332 ] - |       VAL|         6|       700|    33.575|         -|
[ INFO : 2026-04-07 12:22:46,000 ] - |       VAL|         6|       800|    33.576|         -|
[ INFO : 2026-04-07 12:23:36,885 ] - |       VAL|         6|       900|    33.598|         -|
[ INFO : 2026-04-07 12:24:26,749 ] - |       VAL|         6|      1000|    33.584|         -|
[ INFO : 2026-04-07 12:25:16,646 ] - |       VAL|         6|      1100|    33.574|         -|
[ INFO : 2026-04-07 12:26:06,430 ] - |       VAL|         6|      1200|    33.598|         -|
[ INFO : 2026-04-07 12:26:32,419 ] - Epoch 6 Train info train_loss 33.43662992019653
[ INFO : 2026-04-07 12:26:32,419 ] - Epoch 6 Val info val_loss 33.579294429016116
[ INFO : 2026-04-07 12:28:39,918 ] - |     TRAIN|         7|       100|     33.71|0.00086239|
[ INFO : 2026-04-07 12:29:14,987 ] - |     TRAIN|         7|       200|    33.548|0.00086197|
[ INFO : 2026-04-07 12:29:49,785 ] - |     TRAIN|         7|       300|    33.382|0.00086155|
[ INFO : 2026-04-07 12:30:24,341 ] - |     TRAIN|         7|       400|     33.36|0.00086112|
[ INFO : 2026-04-07 12:31:04,753 ] - |     TRAIN|         7|       500|    33.381| 0.0008607|
[ INFO : 2026-04-07 12:31:46,722 ] - |     TRAIN|         7|       600|    33.344|0.00086028|
[ INFO : 2026-04-07 12:32:28,679 ] - |     TRAIN|         7|       700|    33.357|0.00085985|
[ INFO : 2026-04-07 12:33:17,591 ] - |     TRAIN|         7|       800|    33.367|0.00085943|
[ INFO : 2026-04-07 12:34:05,578 ] - |     TRAIN|         7|       900|    33.351|0.00085901|
[ INFO : 2026-04-07 12:34:52,776 ] - |     TRAIN|         7|      1000|    33.331|0.00085859|
[ INFO : 2026-04-07 12:35:40,034 ] - |     TRAIN|         7|      1100|    33.337|0.00085816|
[ INFO : 2026-04-07 12:36:27,729 ] - |     TRAIN|         7|      1200|    33.343|0.00085774|
[ INFO : 2026-04-07 12:38:53,890 ] - |     TRAIN|         7|      1300|     33.33|0.00085732|
[ INFO : 2026-04-07 12:39:28,577 ] - |     TRAIN|         7|      1400|    33.328| 0.0008569|
[ INFO : 2026-04-07 12:40:05,321 ] - |     TRAIN|         7|      1500|    33.341|0.00085648|
[ INFO : 2026-04-07 12:40:53,164 ] - |     TRAIN|         7|      1600|    33.357|0.00085606|
[ INFO : 2026-04-07 12:41:32,176 ] - |     TRAIN|         7|      1700|    33.361|0.00085563|
[ INFO : 2026-04-07 12:42:06,784 ] - |     TRAIN|         7|      1800|    33.362|0.00085521|
[ INFO : 2026-04-07 12:42:41,412 ] - |     TRAIN|         7|      1900|    33.364|0.00085479|
[ INFO : 2026-04-07 12:43:19,021 ] - |     TRAIN|         7|      2000|    33.373|0.00085437|
[ INFO : 2026-04-07 12:43:59,122 ] - |     TRAIN|         7|      2100|    33.385|0.00085395|
[ INFO : 2026-04-07 12:44:44,246 ] - |     TRAIN|         7|      2200|    33.399|0.00085353|
[ INFO : 2026-04-07 12:45:30,792 ] - |     TRAIN|         7|      2300|    33.398|0.00085311|
[ INFO : 2026-04-07 12:46:16,546 ] - |     TRAIN|         7|      2400|    33.404|0.00085269|
[ INFO : 2026-04-07 12:47:01,098 ] - |     TRAIN|         7|      2500|    33.413|0.00085227|
[ INFO : 2026-04-07 12:49:22,096 ] - |     TRAIN|         7|      2600|    33.412|0.00085186|
[ INFO : 2026-04-07 12:49:56,662 ] - |     TRAIN|         7|      2700|    33.406|0.00085144|
[ INFO : 2026-04-07 12:50:31,582 ] - |     TRAIN|         7|      2800|     33.41|0.00085102|
[ INFO : 2026-04-07 12:51:06,339 ] - |     TRAIN|         7|      2900|    33.421| 0.0008506|
[ INFO : 2026-04-07 12:51:40,905 ] - |     TRAIN|         7|      3000|     33.42|0.00085018|
[ INFO : 2026-04-07 12:52:15,432 ] - |     TRAIN|         7|      3100|    33.415|0.00084976|
[ INFO : 2026-04-07 12:52:53,729 ] - |     TRAIN|         7|      3200|    33.414|0.00084935|
[ INFO : 2026-04-07 12:53:33,432 ] - |     TRAIN|         7|      3300|    33.416|0.00084893|
[ INFO : 2026-04-07 12:54:14,987 ] - |     TRAIN|         7|      3400|    33.408|0.00084851|
[ INFO : 2026-04-07 12:55:01,427 ] - |     TRAIN|         7|      3500|    33.408|0.00084809|
[ INFO : 2026-04-07 12:55:47,279 ] - |     TRAIN|         7|      3600|    33.404|0.00084768|
[ INFO : 2026-04-07 12:56:32,539 ] - |     TRAIN|         7|      3700|    33.404|0.00084726|
[ INFO : 2026-04-07 12:59:01,875 ] - |     TRAIN|         7|      3800|    33.395|0.00084684|
[ INFO : 2026-04-07 12:59:36,760 ] - |     TRAIN|         7|      3900|    33.394|0.00084643|
[ INFO : 2026-04-07 13:00:11,363 ] - |     TRAIN|         7|      4000|    33.393|0.00084601|
[ INFO : 2026-04-07 13:00:45,896 ] - |     TRAIN|         7|      4100|    33.387|0.00084559|
[ INFO : 2026-04-07 13:01:20,470 ] - |     TRAIN|         7|      4200|    33.386|0.00084518|
[ INFO : 2026-04-07 13:01:55,060 ] - |     TRAIN|         7|      4300|    33.383|0.00084476|
[ INFO : 2026-04-07 13:02:33,593 ] - |     TRAIN|         7|      4400|    33.382|0.00084435|
[ INFO : 2026-04-07 13:03:13,175 ] - |     TRAIN|         7|      4500|    33.377|0.00084393|
[ INFO : 2026-04-07 13:03:54,321 ] - |     TRAIN|         7|      4600|    33.374|0.00084352|
[ INFO : 2026-04-07 13:04:41,083 ] - |     TRAIN|         7|      4700|    33.372| 0.0008431|
[ INFO : 2026-04-07 13:05:26,581 ] - |     TRAIN|         7|      4800|    33.375|0.00084269|
[ INFO : 2026-04-07 13:06:11,592 ] - |     TRAIN|         7|      4900|    33.378|0.00084227|
[ INFO : 2026-04-07 13:06:56,916 ] - |     TRAIN|         7|      5000|    33.379|0.00084186|
/share/workspace3/maduo/codebase/wesep_wenet/examples/visual/voxceleb2mix/wesep/utils/executor.py:187: FutureWarning: `torch.cuda.amp.autocast(args...)` is deprecated. Please use `torch.amp.autocast('cuda', args...)` instead.
  with torch.cuda.amp.autocast(enabled=enable_amp):
[ INFO : 2026-04-07 13:07:39,280 ] - |       VAL|         7|       100|    33.418|         -|
[ INFO : 2026-04-07 13:08:10,388 ] - |       VAL|         7|       200|    33.419|         -|
[ INFO : 2026-04-07 13:08:41,783 ] - |       VAL|         7|       300|     33.38|         -|
[ INFO : 2026-04-07 13:09:13,470 ] - |       VAL|         7|       400|    33.393|         -|
[ INFO : 2026-04-07 13:09:45,092 ] - |       VAL|         7|       500|    33.448|         -|
[ INFO : 2026-04-07 13:10:16,782 ] - |       VAL|         7|       600|     33.43|         -|
[ INFO : 2026-04-07 13:10:48,235 ] - |       VAL|         7|       700|    33.433|         -|
[ INFO : 2026-04-07 13:11:19,715 ] - |       VAL|         7|       800|    33.466|         -|
[ INFO : 2026-04-07 13:11:51,035 ] - |       VAL|         7|       900|    33.448|         -|
[ INFO : 2026-04-07 13:12:22,491 ] - |       VAL|         7|      1000|    33.436|         -|
[ INFO : 2026-04-07 13:12:54,290 ] - |       VAL|         7|      1100|    33.446|         -|
[ INFO : 2026-04-07 13:13:25,908 ] - |       VAL|         7|      1200|    33.453|         -|
[ INFO : 2026-04-07 13:13:42,165 ] - Epoch 7 Train info train_loss 33.37877578315735
[ INFO : 2026-04-07 13:13:42,165 ] - Epoch 7 Val info val_loss 33.45479044189453
[ INFO : 2026-04-07 13:15:21,858 ] - |     TRAIN|         8|       100|    33.327|0.00084144|
[ INFO : 2026-04-07 13:15:56,523 ] - |     TRAIN|         8|       200|    33.386|0.00084103|
[ INFO : 2026-04-07 13:16:30,993 ] - |     TRAIN|         8|       300|    33.425|0.00084062|
[ INFO : 2026-04-07 13:17:05,461 ] - |     TRAIN|         8|       400|    33.501| 0.0008402|
[ INFO : 2026-04-07 13:17:42,254 ] - |     TRAIN|         8|       500|    33.526|0.00083979|
[ INFO : 2026-04-07 13:18:22,537 ] - |     TRAIN|         8|       600|    33.543|0.00083938|
[ INFO : 2026-04-07 13:19:06,595 ] - |     TRAIN|         8|       700|    33.584|0.00083897|
[ INFO : 2026-04-07 13:19:54,127 ] - |     TRAIN|         8|       800|    33.648|0.00083855|
[ INFO : 2026-04-07 13:20:40,180 ] - |     TRAIN|         8|       900|    33.672|0.00083814|
[ INFO : 2026-04-07 13:21:26,011 ] - |     TRAIN|         8|      1000|    33.686|0.00083773|
[ INFO : 2026-04-07 13:22:11,683 ] - |     TRAIN|         8|      1100|    33.692|0.00083732|
[ INFO : 2026-04-07 13:22:57,526 ] - |     TRAIN|         8|      1200|    33.713| 0.0008369|
[ INFO : 2026-04-07 13:24:20,207 ] - |     TRAIN|         8|      1300|    33.724|0.00083649|
[ INFO : 2026-04-07 13:25:00,345 ] - |     TRAIN|         8|      1400|    33.711|0.00083608|
[ INFO : 2026-04-07 13:25:34,917 ] - |     TRAIN|         8|      1500|    33.721|0.00083567|
[ INFO : 2026-04-07 13:26:09,353 ] - |     TRAIN|         8|      1600|    33.724|0.00083526|
[ INFO : 2026-04-07 13:26:47,061 ] - |     TRAIN|         8|      1700|    33.709|0.00083485|
[ INFO : 2026-04-07 13:27:21,895 ] - |     TRAIN|         8|      1800|    33.725|0.00083444|
[ INFO : 2026-04-07 13:27:56,281 ] - |     TRAIN|         8|      1900|    33.706|0.00083403|
[ INFO : 2026-04-07 13:28:32,514 ] - |     TRAIN|         8|      2000|    33.697|0.00083362|
[ INFO : 2026-04-07 13:29:11,232 ] - |     TRAIN|         8|      2100|    33.697|0.00083321|
[ INFO : 2026-04-07 13:29:55,059 ] - |     TRAIN|         8|      2200|      33.7| 0.0008328|
[ INFO : 2026-04-07 13:30:39,614 ] - |     TRAIN|         8|      2300|    33.687|0.00083239|
[ INFO : 2026-04-07 13:31:24,400 ] - |     TRAIN|         8|      2400|     33.69|0.00083198|
[ INFO : 2026-04-07 13:32:08,594 ] - |     TRAIN|         8|      2500|    33.679|0.00083157|
[ INFO : 2026-04-07 13:33:22,426 ] - |     TRAIN|         8|      2600|    33.664|0.00083116|
[ INFO : 2026-04-07 13:34:01,145 ] - |     TRAIN|         8|      2700|    33.659|0.00083075|
[ INFO : 2026-04-07 13:34:35,629 ] - |     TRAIN|         8|      2800|    33.655|0.00083034|
[ INFO : 2026-04-07 13:35:10,102 ] - |     TRAIN|         8|      2900|    33.652|0.00082994|
[ INFO : 2026-04-07 13:35:44,424 ] - |     TRAIN|         8|      3000|    33.648|0.00082953|
[ INFO : 2026-04-07 13:36:20,347 ] - |     TRAIN|         8|      3100|    33.644|0.00082912|
[ INFO : 2026-04-07 13:36:59,060 ] - |     TRAIN|         8|      3200|    33.642|0.00082871|
[ INFO : 2026-04-07 13:37:37,509 ] - |     TRAIN|         8|      3300|    33.643| 0.0008283|
[ INFO : 2026-04-07 13:38:21,274 ] - |     TRAIN|         8|      3400|    33.638| 0.0008279|
[ INFO : 2026-04-07 13:39:05,929 ] - |     TRAIN|         8|      3500|    33.633|0.00082749|
[ INFO : 2026-04-07 13:39:50,311 ] - |     TRAIN|         8|      3600|     33.62|0.00082708|
[ INFO : 2026-04-07 13:40:34,599 ] - |     TRAIN|         8|      3700|    33.621|0.00082668|
[ INFO : 2026-04-07 13:41:55,947 ] - |     TRAIN|         8|      3800|    33.618|0.00082627|
[ INFO : 2026-04-07 13:42:30,284 ] - |     TRAIN|         8|      3900|    33.625|0.00082586|
[ INFO : 2026-04-07 13:43:04,742 ] - |     TRAIN|         8|      4000|     33.62|0.00082546|
[ INFO : 2026-04-07 13:43:39,455 ] - |     TRAIN|         8|      4100|    33.615|0.00082505|
[ INFO : 2026-04-07 13:44:13,750 ] - |     TRAIN|         8|      4200|    33.611|0.00082465|
[ INFO : 2026-04-07 13:44:48,058 ] - |     TRAIN|         8|      4300|    33.607|0.00082424|
[ INFO : 2026-04-07 13:45:25,563 ] - |     TRAIN|         8|      4400|    33.603|0.00082384|
[ INFO : 2026-04-07 13:46:04,031 ] - |     TRAIN|         8|      4500|      33.6|0.00082343|
[ INFO : 2026-04-07 13:46:43,581 ] - |     TRAIN|         8|      4600|    33.601|0.00082303|
[ INFO : 2026-04-07 13:47:29,178 ] - |     TRAIN|         8|      4700|    33.602|0.00082262|
[ INFO : 2026-04-07 13:48:13,492 ] - |     TRAIN|         8|      4800|    33.602|0.00082222|
[ INFO : 2026-04-07 13:48:57,867 ] - |     TRAIN|         8|      4900|    33.604|0.00082181|
[ INFO : 2026-04-07 13:49:41,701 ] - |     TRAIN|         8|      5000|    33.603|0.00082141|
/share/workspace3/maduo/codebase/wesep_wenet/examples/visual/voxceleb2mix/wesep/utils/executor.py:187: FutureWarning: `torch.cuda.amp.autocast(args...)` is deprecated. Please use `torch.amp.autocast('cuda', args...)` instead.
  with torch.cuda.amp.autocast(enabled=enable_amp):
[ INFO : 2026-04-07 13:50:24,104 ] - |       VAL|         8|       100|    33.592|         -|
[ INFO : 2026-04-07 13:50:55,779 ] - |       VAL|         8|       200|    33.519|         -|
[ INFO : 2026-04-07 13:51:27,129 ] - |       VAL|         8|       300|    33.464|         -|
[ INFO : 2026-04-07 13:51:58,164 ] - |       VAL|         8|       400|    33.463|         -|
[ INFO : 2026-04-07 13:52:29,301 ] - |       VAL|         8|       500|     33.42|         -|
[ INFO : 2026-04-07 13:53:00,659 ] - |       VAL|         8|       600|    33.417|         -|
[ INFO : 2026-04-07 13:53:31,730 ] - |       VAL|         8|       700|    33.427|         -|
[ INFO : 2026-04-07 13:54:02,243 ] - |       VAL|         8|       800|    33.453|         -|
[ INFO : 2026-04-07 13:54:33,539 ] - |       VAL|         8|       900|    33.459|         -|
[ INFO : 2026-04-07 13:55:04,776 ] - |       VAL|         8|      1000|    33.464|         -|
[ INFO : 2026-04-07 13:55:35,814 ] - |       VAL|         8|      1100|     33.48|         -|
[ INFO : 2026-04-07 13:56:06,728 ] - |       VAL|         8|      1200|    33.496|         -|
[ INFO : 2026-04-07 13:56:22,701 ] - Epoch 8 Train info train_loss 33.60281128234863
[ INFO : 2026-04-07 13:56:22,702 ] - Epoch 8 Val info val_loss 33.49707859649658
[ INFO : 2026-04-07 13:57:28,547 ] - |     TRAIN|         9|       100|    33.762|  0.000821|
[ INFO : 2026-04-07 13:58:03,263 ] - |     TRAIN|         9|       200|    33.701| 0.0008206|
[ INFO : 2026-04-07 13:58:37,858 ] - |     TRAIN|         9|       300|    33.543| 0.0008202|
[ INFO : 2026-04-07 13:59:12,461 ] - |     TRAIN|         9|       400|    33.581|0.00081979|
[ INFO : 2026-04-07 13:59:51,362 ] - |     TRAIN|         9|       500|    33.558|0.00081939|
[ INFO : 2026-04-07 14:00:31,784 ] - |     TRAIN|         9|       600|    33.539|0.00081899|
[ INFO : 2026-04-07 14:01:19,024 ] - |     TRAIN|         9|       700|    33.536|0.00081858|
[ INFO : 2026-04-07 14:02:05,749 ] - |     TRAIN|         9|       800|    33.485|0.00081818|
[ INFO : 2026-04-07 14:02:52,010 ] - |     TRAIN|         9|       900|    33.486|0.00081778|
[ INFO : 2026-04-07 14:03:37,768 ] - |     TRAIN|         9|      1000|      33.5|0.00081738|
[ INFO : 2026-04-07 14:04:23,765 ] - |     TRAIN|         9|      1100|    33.523|0.00081698|
[ INFO : 2026-04-07 14:05:09,423 ] - |     TRAIN|         9|      1200|     33.54|0.00081657|
[ INFO : 2026-04-07 14:07:55,525 ] - |     TRAIN|         9|      1300|    33.542|0.00081617|
[ INFO : 2026-04-07 14:08:34,616 ] - |     TRAIN|         9|      1400|    33.552|0.00081577|
[ INFO : 2026-04-07 14:09:15,169 ] - |     TRAIN|         9|      1500|    33.541|0.00081537|
[ INFO : 2026-04-07 14:09:53,433 ] - |     TRAIN|         9|      1600|     33.54|0.00081497|
[ INFO : 2026-04-07 14:10:38,625 ] - |     TRAIN|         9|      1700|    33.527|0.00081457|
[ INFO : 2026-04-07 14:11:13,905 ] - |     TRAIN|         9|      1800|     33.53|0.00081417|
[ INFO : 2026-04-07 14:11:48,692 ] - |     TRAIN|         9|      1900|    33.519|0.00081377|
[ INFO : 2026-04-07 14:12:23,575 ] - |     TRAIN|         9|      2000|    33.517|0.00081337|
[ INFO : 2026-04-07 14:13:07,041 ] - |     TRAIN|         9|      2100|    33.494|0.00081297|
[ INFO : 2026-04-07 14:13:55,388 ] - |     TRAIN|         9|      2200|    33.488|0.00081257|
[ INFO : 2026-04-07 14:14:42,698 ] - |     TRAIN|         9|      2300|    33.479|0.00081217|
[ INFO : 2026-04-07 14:15:29,734 ] - |     TRAIN|         9|      2400|    33.475|0.00081177|
[ INFO : 2026-04-07 14:16:16,059 ] - |     TRAIN|         9|      2500|    33.478|0.00081137|
[ INFO : 2026-04-07 14:18:47,962 ] - |     TRAIN|         9|      2600|    33.481|0.00081097|
[ INFO : 2026-04-07 14:19:23,091 ] - |     TRAIN|         9|      2700|    33.478|0.00081057|
[ INFO : 2026-04-07 14:19:58,704 ] - |     TRAIN|         9|      2800|    33.472|0.00081017|
[ INFO : 2026-04-07 14:20:33,494 ] - |     TRAIN|         9|      2900|    33.461|0.00080977|
[ INFO : 2026-04-07 14:21:08,936 ] - |     TRAIN|         9|      3000|    33.452|0.00080938|
[ INFO : 2026-04-07 14:21:43,817 ] - |     TRAIN|         9|      3100|    33.441|0.00080898|
[ INFO : 2026-04-07 14:22:18,699 ] - |     TRAIN|         9|      3200|    33.439|0.00080858|
[ INFO : 2026-04-07 14:22:57,090 ] - |     TRAIN|         9|      3300|    33.434|0.00080818|
[ INFO : 2026-04-07 14:23:45,273 ] - |     TRAIN|         9|      3400|    33.422|0.00080779|
[ INFO : 2026-04-07 14:24:32,640 ] - |     TRAIN|         9|      3500|    33.416|0.00080739|
[ INFO : 2026-04-07 14:25:16,445 ] - |     TRAIN|         9|      3600|    33.408|0.00080699|
[ INFO : 2026-04-07 14:26:04,233 ] - |     TRAIN|         9|      3700|    33.413|0.00080659|
[ INFO : 2026-04-07 14:28:44,210 ] - |     TRAIN|         9|      3800|    33.409| 0.0008062|
[ INFO : 2026-04-07 14:29:19,786 ] - |     TRAIN|         9|      3900|    33.409| 0.0008058|
[ INFO : 2026-04-07 14:29:55,880 ] - |     TRAIN|         9|      4000|    33.408|0.00080541|
[ INFO : 2026-04-07 14:30:31,308 ] - |     TRAIN|         9|      4100|    33.406|0.00080501|
[ INFO : 2026-04-07 14:31:06,763 ] - |     TRAIN|         9|      4200|    33.403|0.00080461|
[ INFO : 2026-04-07 14:31:41,600 ] - |     TRAIN|         9|      4300|    33.403|0.00080422|
[ INFO : 2026-04-07 14:32:16,196 ] - |     TRAIN|         9|      4400|    33.409|0.00080382|
[ INFO : 2026-04-07 14:32:50,875 ] - |     TRAIN|         9|      4500|    33.416|0.00080343|
[ INFO : 2026-04-07 14:33:34,811 ] - |     TRAIN|         9|      4600|    33.418|0.00080303|
[ INFO : 2026-04-07 14:34:23,124 ] - |     TRAIN|         9|      4700|    33.419|0.00080264|
[ INFO : 2026-04-07 14:35:11,636 ] - |     TRAIN|         9|      4800|    33.421|0.00080224|
[ INFO : 2026-04-07 14:35:59,146 ] - |     TRAIN|         9|      4900|    33.424|0.00080185|
[ INFO : 2026-04-07 14:36:46,135 ] - |     TRAIN|         9|      5000|    33.425|0.00080145|
/share/workspace3/maduo/codebase/wesep_wenet/examples/visual/voxceleb2mix/wesep/utils/executor.py:187: FutureWarning: `torch.cuda.amp.autocast(args...)` is deprecated. Please use `torch.amp.autocast('cuda', args...)` instead.
  with torch.cuda.amp.autocast(enabled=enable_amp):
[ INFO : 2026-04-07 14:37:49,561 ] - |       VAL|         9|       100|    33.692|         -|
[ INFO : 2026-04-07 14:38:40,617 ] - |       VAL|         9|       200|     33.67|         -|
[ INFO : 2026-04-07 14:39:31,346 ] - |       VAL|         9|       300|    33.652|         -|
[ INFO : 2026-04-07 14:40:06,971 ] - |       VAL|         9|       400|    33.664|         -|
[ INFO : 2026-04-07 14:40:38,241 ] - |       VAL|         9|       500|    33.691|         -|
[ INFO : 2026-04-07 14:41:09,628 ] - |       VAL|         9|       600|    33.679|         -|
[ INFO : 2026-04-07 14:41:40,650 ] - |       VAL|         9|       700|     33.68|         -|
[ INFO : 2026-04-07 14:42:11,426 ] - |       VAL|         9|       800|    33.655|         -|
[ INFO : 2026-04-07 14:42:46,840 ] - |       VAL|         9|       900|    33.653|         -|
[ INFO : 2026-04-07 14:43:19,084 ] - |       VAL|         9|      1000|    33.636|         -|
[ INFO : 2026-04-07 14:43:50,596 ] - |       VAL|         9|      1100|    33.624|         -|
[ INFO : 2026-04-07 14:44:22,996 ] - |       VAL|         9|      1200|    33.604|         -|
[ INFO : 2026-04-07 14:44:42,509 ] - Epoch 9 Train info train_loss 33.425433991241455
[ INFO : 2026-04-07 14:44:42,510 ] - Epoch 9 Val info val_loss 33.58508293914795
[ INFO : 2026-04-07 14:46:07,856 ] - |     TRAIN|        10|       100|    33.561|0.00080106|
[ INFO : 2026-04-07 14:46:42,788 ] - |     TRAIN|        10|       200|    33.649|0.00080067|
[ INFO : 2026-04-07 14:47:17,703 ] - |     TRAIN|        10|       300|    33.651|0.00080027|
[ INFO : 2026-04-07 14:47:52,580 ] - |     TRAIN|        10|       400|    33.626|0.00079988|
[ INFO : 2026-04-07 14:48:31,201 ] - |     TRAIN|        10|       500|    33.651|0.00079949|
[ INFO : 2026-04-07 14:49:11,779 ] - |     TRAIN|        10|       600|    33.604|0.00079909|
[ INFO : 2026-04-07 14:49:54,357 ] - |     TRAIN|        10|       700|    33.578| 0.0007987|
[ INFO : 2026-04-07 14:50:43,392 ] - |     TRAIN|        10|       800|    33.593|0.00079831|
[ INFO : 2026-04-07 14:51:30,366 ] - |     TRAIN|        10|       900|      33.6|0.00079791|
[ INFO : 2026-04-07 14:52:17,009 ] - |     TRAIN|        10|      1000|    33.592|0.00079752|
[ INFO : 2026-04-07 14:53:03,143 ] - |     TRAIN|        10|      1100|    33.585|0.00079713|
[ INFO : 2026-04-07 14:53:50,832 ] - |     TRAIN|        10|      1200|    33.591|0.00079674|
[ INFO : 2026-04-07 14:55:32,793 ] - |     TRAIN|        10|      1300|    33.594|0.00079635|
[ INFO : 2026-04-07 14:56:07,662 ] - |     TRAIN|        10|      1400|    33.589|0.00079595|
[ INFO : 2026-04-07 14:56:42,563 ] - |     TRAIN|        10|      1500|    33.595|0.00079556|
[ INFO : 2026-04-07 14:57:26,444 ] - |     TRAIN|        10|      1600|    33.587|0.00079517|
[ INFO : 2026-04-07 14:58:08,109 ] - |     TRAIN|        10|      1700|      33.6|0.00079478|
[ INFO : 2026-04-07 14:58:42,769 ] - |     TRAIN|        10|      1800|    33.592|0.00079439|
[ INFO : 2026-04-07 14:59:17,585 ] - |     TRAIN|        10|      1900|    33.594|  0.000794|
[ INFO : 2026-04-07 14:59:54,551 ] - |     TRAIN|        10|      2000|    33.607|0.00079361|
[ INFO : 2026-04-07 15:00:34,409 ] - |     TRAIN|        10|      2100|    33.621|0.00079322|
[ INFO : 2026-04-07 15:01:21,056 ] - |     TRAIN|        10|      2200|    33.618|0.00079283|
[ INFO : 2026-04-07 15:02:06,764 ] - |     TRAIN|        10|      2300|    33.623|0.00079244|
[ INFO : 2026-04-07 15:02:52,093 ] - |     TRAIN|        10|      2400|    33.628|0.00079205|
[ INFO : 2026-04-07 15:03:36,547 ] - |     TRAIN|        10|      2500|    33.649|0.00079166|
[ INFO : 2026-04-07 15:05:14,520 ] - |     TRAIN|        10|      2600|    33.655|0.00079127|
[ INFO : 2026-04-07 15:05:49,232 ] - |     TRAIN|        10|      2700|    33.652|0.00079088|
[ INFO : 2026-04-07 15:06:24,187 ] - |     TRAIN|        10|      2800|    33.655|0.00079049|
[ INFO : 2026-04-07 15:06:59,238 ] - |     TRAIN|        10|      2900|    33.656| 0.0007901|
[ INFO : 2026-04-07 15:07:34,006 ] - |     TRAIN|        10|      3000|    33.651|0.00078971|
[ INFO : 2026-04-07 15:08:08,626 ] - |     TRAIN|        10|      3100|    33.652|0.00078933|
[ INFO : 2026-04-07 15:08:43,238 ] - |     TRAIN|        10|      3200|    33.645|0.00078894|
[ INFO : 2026-04-07 15:09:22,595 ] - |     TRAIN|        10|      3300|    33.647|0.00078855|
[ INFO : 2026-04-07 15:10:07,718 ] - |     TRAIN|        10|      3400|    33.652|0.00078816|
[ INFO : 2026-04-07 15:10:53,251 ] - |     TRAIN|        10|      3500|    33.654|0.00078778|
[ INFO : 2026-04-07 15:11:38,171 ] - |     TRAIN|        10|      3600|    33.654|0.00078739|
[ INFO : 2026-04-07 15:12:22,949 ] - |     TRAIN|        10|      3700|    33.654|  0.000787|
[ INFO : 2026-04-07 15:14:01,917 ] - |     TRAIN|        10|      3800|    33.655|0.00078661|
[ INFO : 2026-04-07 15:14:36,574 ] - |     TRAIN|        10|      3900|    33.658|0.00078623|
[ INFO : 2026-04-07 15:15:11,326 ] - |     TRAIN|        10|      4000|     33.66|0.00078584|
[ INFO : 2026-04-07 15:15:46,070 ] - |     TRAIN|        10|      4100|    33.655|0.00078545|
[ INFO : 2026-04-07 15:16:20,786 ] - |     TRAIN|        10|      4200|    33.656|0.00078507|
[ INFO : 2026-04-07 15:16:55,473 ] - |     TRAIN|        10|      4300|    33.655|0.00078468|
[ INFO : 2026-04-07 15:17:30,106 ] - |     TRAIN|        10|      4400|    33.658| 0.0007843|
[ INFO : 2026-04-07 15:18:06,545 ] - |     TRAIN|        10|      4500|    33.661|0.00078391|
[ INFO : 2026-04-07 15:18:48,282 ] - |     TRAIN|        10|      4600|    33.659|0.00078352|
[ INFO : 2026-04-07 15:19:34,277 ] - |     TRAIN|        10|      4700|    33.655|0.00078314|
[ INFO : 2026-04-07 15:20:19,758 ] - |     TRAIN|        10|      4800|    33.658|0.00078275|
[ INFO : 2026-04-07 15:21:04,521 ] - |     TRAIN|        10|      4900|    33.663|0.00078237|
[ INFO : 2026-04-07 15:21:48,919 ] - |     TRAIN|        10|      5000|     33.66|0.00078198|
/share/workspace3/maduo/codebase/wesep_wenet/examples/visual/voxceleb2mix/wesep/utils/executor.py:187: FutureWarning: `torch.cuda.amp.autocast(args...)` is deprecated. Please use `torch.amp.autocast('cuda', args...)` instead.
  with torch.cuda.amp.autocast(enabled=enable_amp):
[ INFO : 2026-04-07 15:22:31,237 ] - |       VAL|        10|       100|    33.731|         -|
[ INFO : 2026-04-07 15:23:02,820 ] - |       VAL|        10|       200|    33.672|         -|
[ INFO : 2026-04-07 15:23:34,358 ] - |       VAL|        10|       300|    33.613|         -|
[ INFO : 2026-04-07 15:24:05,804 ] - |       VAL|        10|       400|    33.618|         -|
[ INFO : 2026-04-07 15:24:37,337 ] - |       VAL|        10|       500|    33.628|         -|
[ INFO : 2026-04-07 15:25:08,286 ] - |       VAL|        10|       600|    33.625|         -|
[ INFO : 2026-04-07 15:25:39,402 ] - |       VAL|        10|       700|    33.626|         -|
[ INFO : 2026-04-07 15:26:10,926 ] - |       VAL|        10|       800|    33.664|         -|
[ INFO : 2026-04-07 15:26:42,035 ] - |       VAL|        10|       900|    33.663|         -|
[ INFO : 2026-04-07 15:27:13,097 ] - |       VAL|        10|      1000|     33.65|         -|
[ INFO : 2026-04-07 15:27:44,320 ] - |       VAL|        10|      1100|    33.645|         -|
[ INFO : 2026-04-07 15:28:15,467 ] - |       VAL|        10|      1200|    33.621|         -|
[ INFO : 2026-04-07 15:28:31,603 ] - Epoch 10 Train info train_loss 33.660363903045656
[ INFO : 2026-04-07 15:28:31,604 ] - Epoch 10 Val info val_loss 33.620310659790036
[ INFO : 2026-04-07 15:29:37,859 ] - |     TRAIN|        11|       100|    33.812| 0.0007816|
[ INFO : 2026-04-07 15:30:12,557 ] - |     TRAIN|        11|       200|    33.704|0.00078122|
[ INFO : 2026-04-07 15:30:47,340 ] - |     TRAIN|        11|       300|    33.641|0.00078083|
[ INFO : 2026-04-07 15:31:21,924 ] - |     TRAIN|        11|       400|    33.576|0.00078045|
[ INFO : 2026-04-07 15:31:57,629 ] - |     TRAIN|        11|       500|    33.545|0.00078006|
[ INFO : 2026-04-07 15:32:38,134 ] - |     TRAIN|        11|       600|    33.582|0.00077968|
[ INFO : 2026-04-07 15:33:18,401 ] - |     TRAIN|        11|       700|    33.614| 0.0007793|
[ INFO : 2026-04-07 15:34:06,150 ] - |     TRAIN|        11|       800|    33.597|0.00077891|
[ INFO : 2026-04-07 15:34:52,664 ] - |     TRAIN|        11|       900|    33.615|0.00077853|
[ INFO : 2026-04-07 15:35:38,654 ] - |     TRAIN|        11|      1000|    33.603|0.00077815|
[ INFO : 2026-04-07 15:36:24,282 ] - |     TRAIN|        11|      1100|    33.622|0.00077777|
[ INFO : 2026-04-07 15:37:09,859 ] - |     TRAIN|        11|      1200|    33.614|0.00077738|
[ INFO : 2026-04-07 15:38:34,465 ] - |     TRAIN|        11|      1300|    33.656|  0.000777|
[ INFO : 2026-04-07 15:39:09,635 ] - |     TRAIN|        11|      1400|    33.669|0.00077662|
[ INFO : 2026-04-07 15:39:44,433 ] - |     TRAIN|        11|      1500|     33.68|0.00077624|
[ INFO : 2026-04-07 15:40:23,381 ] - |     TRAIN|        11|      1600|     33.67|0.00077585|
[ INFO : 2026-04-07 15:40:58,085 ] - |     TRAIN|        11|      1700|    33.674|0.00077547|
[ INFO : 2026-04-07 15:41:32,704 ] - |     TRAIN|        11|      1800|    33.683|0.00077509|
[ INFO : 2026-04-07 15:42:07,361 ] - |     TRAIN|        11|      1900|    33.667|0.00077471|
[ INFO : 2026-04-07 15:42:44,936 ] - |     TRAIN|        11|      2000|    33.652|0.00077433|
[ INFO : 2026-04-07 15:43:23,828 ] - |     TRAIN|        11|      2100|    33.651|0.00077395|
[ INFO : 2026-04-07 15:44:09,208 ] - |     TRAIN|        11|      2200|    33.657|0.00077357|
[ INFO : 2026-04-07 15:44:54,481 ] - |     TRAIN|        11|      2300|    33.654|0.00077319|
[ INFO : 2026-04-07 15:45:39,614 ] - |     TRAIN|        11|      2400|    33.667|0.00077281|
[ INFO : 2026-04-07 15:46:24,318 ] - |     TRAIN|        11|      2500|    33.664|0.00077243|
[ INFO : 2026-04-07 15:47:44,070 ] - |     TRAIN|        11|      2600|    33.676|0.00077205|
[ INFO : 2026-04-07 15:48:18,683 ] - |     TRAIN|        11|      2700|    33.694|0.00077167|
[ INFO : 2026-04-07 15:48:53,512 ] - |     TRAIN|        11|      2800|    33.701|0.00077129|
[ INFO : 2026-04-07 15:49:32,640 ] - |     TRAIN|        11|      2900|    33.709|0.00077091|
[ INFO : 2026-04-07 15:50:07,350 ] - |     TRAIN|        11|      3000|    33.724|0.00077053|
[ INFO : 2026-04-07 15:50:42,105 ] - |     TRAIN|        11|      3100|     33.74|0.00077015|
[ INFO : 2026-04-07 15:51:17,407 ] - |     TRAIN|        11|      3200|    33.747|0.00076977|
[ INFO : 2026-04-07 15:51:56,481 ] - |     TRAIN|        11|      3300|    33.754|0.00076939|
[ INFO : 2026-04-07 15:52:41,805 ] - |     TRAIN|        11|      3400|    33.769|0.00076902|
[ INFO : 2026-04-07 15:53:27,589 ] - |     TRAIN|        11|      3500|    33.772|0.00076864|
[ INFO : 2026-04-07 15:54:14,669 ] - |     TRAIN|        11|      3600|    33.778|0.00076826|
[ INFO : 2026-04-07 15:55:01,105 ] - |     TRAIN|        11|      3700|    33.787|0.00076788|
[ INFO : 2026-04-07 15:56:33,452 ] - |     TRAIN|        11|      3800|    33.778| 0.0007675|
[ INFO : 2026-04-07 15:57:14,531 ] - |     TRAIN|        11|      3900|    33.772|0.00076713|
[ INFO : 2026-04-07 15:57:49,330 ] - |     TRAIN|        11|      4000|    33.762|0.00076675|
[ INFO : 2026-04-07 15:58:24,203 ] - |     TRAIN|        11|      4100|    33.763|0.00076637|
[ INFO : 2026-04-07 15:58:58,978 ] - |     TRAIN|        11|      4200|    33.761|  0.000766|
[ INFO : 2026-04-07 15:59:33,679 ] - |     TRAIN|        11|      4300|    33.751|0.00076562|
[ INFO : 2026-04-07 16:00:08,348 ] - |     TRAIN|        11|      4400|    33.742|0.00076524|
[ INFO : 2026-04-07 16:00:43,549 ] - |     TRAIN|        11|      4500|    33.736|0.00076487|
[ INFO : 2026-04-07 16:01:24,725 ] - |     TRAIN|        11|      4600|    33.728|0.00076449|
[ INFO : 2026-04-07 16:02:10,183 ] - |     TRAIN|        11|      4700|    33.723|0.00076411|
[ INFO : 2026-04-07 16:02:55,182 ] - |     TRAIN|        11|      4800|    33.715|0.00076374|
[ INFO : 2026-04-07 16:03:39,536 ] - |     TRAIN|        11|      4900|    33.712|0.00076336|
[ INFO : 2026-04-07 16:04:23,523 ] - |     TRAIN|        11|      5000|    33.704|0.00076299|
/share/workspace3/maduo/codebase/wesep_wenet/examples/visual/voxceleb2mix/wesep/utils/executor.py:187: FutureWarning: `torch.cuda.amp.autocast(args...)` is deprecated. Please use `torch.amp.autocast('cuda', args...)` instead.
  with torch.cuda.amp.autocast(enabled=enable_amp):
[ INFO : 2026-04-07 16:05:05,169 ] - |       VAL|        11|       100|    33.558|         -|
[ INFO : 2026-04-07 16:05:36,137 ] - |       VAL|        11|       200|    33.365|         -|
[ INFO : 2026-04-07 16:06:07,430 ] - |       VAL|        11|       300|    33.406|         -|
[ INFO : 2026-04-07 16:06:38,020 ] - |       VAL|        11|       400|    33.431|         -|
[ INFO : 2026-04-07 16:07:08,996 ] - |       VAL|        11|       500|    33.443|         -|
[ INFO : 2026-04-07 16:07:39,955 ] - |       VAL|        11|       600|    33.427|         -|
[ INFO : 2026-04-07 16:08:10,947 ] - |       VAL|        11|       700|    33.424|         -|
[ INFO : 2026-04-07 16:08:41,622 ] - |       VAL|        11|       800|    33.411|         -|
[ INFO : 2026-04-07 16:09:12,426 ] - |       VAL|        11|       900|    33.374|         -|
[ INFO : 2026-04-07 16:09:43,509 ] - |       VAL|        11|      1000|    33.357|         -|
[ INFO : 2026-04-07 16:10:14,466 ] - |       VAL|        11|      1100|    33.353|         -|
[ INFO : 2026-04-07 16:10:45,735 ] - |       VAL|        11|      1200|    33.364|         -|
[ INFO : 2026-04-07 16:11:01,731 ] - Epoch 11 Train info train_loss 33.70411236877442
[ INFO : 2026-04-07 16:11:01,731 ] - Epoch 11 Val info val_loss 33.35398968048096
[ INFO : 2026-04-07 16:12:08,019 ] - |     TRAIN|        12|       100|    33.323|0.00076261|
[ INFO : 2026-04-07 16:12:42,817 ] - |     TRAIN|        12|       200|    33.382|0.00076224|
[ INFO : 2026-04-07 16:13:17,563 ] - |     TRAIN|        12|       300|    33.444|0.00076186|
[ INFO : 2026-04-07 16:13:52,233 ] - |     TRAIN|        12|       400|    33.431|0.00076149|
[ INFO : 2026-04-07 16:14:28,975 ] - |     TRAIN|        12|       500|    33.475|0.00076111|
[ INFO : 2026-04-07 16:15:09,488 ] - |     TRAIN|        12|       600|     33.49|0.00076074|
[ INFO : 2026-04-07 16:15:50,975 ] - |     TRAIN|        12|       700|    33.496|0.00076037|
[ INFO : 2026-04-07 16:16:38,106 ] - |     TRAIN|        12|       800|    33.517|0.00075999|
[ INFO : 2026-04-07 16:17:24,572 ] - |     TRAIN|        12|       900|    33.525|0.00075962|
[ INFO : 2026-04-07 16:18:10,444 ] - |     TRAIN|        12|      1000|    33.562|0.00075924|
[ INFO : 2026-04-07 16:18:56,211 ] - |     TRAIN|        12|      1100|    33.565|0.00075887|
[ INFO : 2026-04-07 16:19:41,903 ] - |     TRAIN|        12|      1200|    33.557| 0.0007585|
[ INFO : 2026-04-07 16:21:06,818 ] - |     TRAIN|        12|      1300|    33.558|0.00075813|
[ INFO : 2026-04-07 16:21:41,429 ] - |     TRAIN|        12|      1400|    33.555|0.00075775|
[ INFO : 2026-04-07 16:22:17,870 ] - |     TRAIN|        12|      1500|    33.551|0.00075738|
[ INFO : 2026-04-07 16:22:59,084 ] - |     TRAIN|        12|      1600|     33.54|0.00075701|
[ INFO : 2026-04-07 16:23:33,729 ] - |     TRAIN|        12|      1700|    33.526|0.00075663|
[ INFO : 2026-04-07 16:24:08,879 ] - |     TRAIN|        12|      1800|    33.525|0.00075626|
[ INFO : 2026-04-07 16:24:43,579 ] - |     TRAIN|        12|      1900|    33.514|0.00075589|
[ INFO : 2026-04-07 16:25:21,877 ] - |     TRAIN|        12|      2000|    33.508|0.00075552|
[ INFO : 2026-04-07 16:26:02,860 ] - |     TRAIN|        12|      2100|    33.498|0.00075515|
[ INFO : 2026-04-07 16:26:48,254 ] - |     TRAIN|        12|      2200|    33.495|0.00075478|
[ INFO : 2026-04-07 16:27:32,772 ] - |     TRAIN|        12|      2300|    33.491|0.00075441|
[ INFO : 2026-04-07 16:28:17,107 ] - |     TRAIN|        12|      2400|    33.487|0.00075403|
[ INFO : 2026-04-07 16:29:00,964 ] - |     TRAIN|        12|      2500|    33.482|0.00075366|
[ INFO : 2026-04-07 16:30:17,139 ] - |     TRAIN|        12|      2600|    33.477|0.00075329|
[ INFO : 2026-04-07 16:30:51,937 ] - |     TRAIN|        12|      2700|    33.476|0.00075292|
[ INFO : 2026-04-07 16:31:26,857 ] - |     TRAIN|        12|      2800|     33.47|0.00075255|
[ INFO : 2026-04-07 16:32:01,791 ] - |     TRAIN|        12|      2900|    33.468|0.00075218|
[ INFO : 2026-04-07 16:32:36,546 ] - |     TRAIN|        12|      3000|    33.466|0.00075181|
[ INFO : 2026-04-07 16:33:11,568 ] - |     TRAIN|        12|      3100|    33.457|0.00075144|
[ INFO : 2026-04-07 16:33:50,148 ] - |     TRAIN|        12|      3200|    33.453|0.00075107|
[ INFO : 2026-04-07 16:34:28,466 ] - |     TRAIN|        12|      3300|    33.447| 0.0007507|
[ INFO : 2026-04-07 16:35:12,772 ] - |     TRAIN|        12|      3400|    33.446|0.00075033|
[ INFO : 2026-04-07 16:35:58,075 ] - |     TRAIN|        12|      3500|     33.45|0.00074997|
[ INFO : 2026-04-07 16:36:42,283 ] - |     TRAIN|        12|      3600|    33.451| 0.0007496|
[ INFO : 2026-04-07 16:37:26,262 ] - |     TRAIN|        12|      3700|    33.453|0.00074923|
[ INFO : 2026-04-07 16:38:46,989 ] - |     TRAIN|        12|      3800|    33.451|0.00074886|
[ INFO : 2026-04-07 16:39:21,741 ] - |     TRAIN|        12|      3900|     33.45|0.00074849|
[ INFO : 2026-04-07 16:39:56,986 ] - |     TRAIN|        12|      4000|    33.451|0.00074812|
[ INFO : 2026-04-07 16:40:31,893 ] - |     TRAIN|        12|      4100|    33.455|0.00074776|
[ INFO : 2026-04-07 16:41:06,644 ] - |     TRAIN|        12|      4200|    33.459|0.00074739|
[ INFO : 2026-04-07 16:41:41,394 ] - |     TRAIN|        12|      4300|    33.458|0.00074702|
[ INFO : 2026-04-07 16:42:18,487 ] - |     TRAIN|        12|      4400|    33.458|0.00074665|
[ INFO : 2026-04-07 16:42:56,802 ] - |     TRAIN|        12|      4500|    33.459|0.00074629|
[ INFO : 2026-04-07 16:43:37,095 ] - |     TRAIN|        12|      4600|    33.455|0.00074592|
[ INFO : 2026-04-07 16:44:22,442 ] - |     TRAIN|        12|      4700|    33.454|0.00074555|
[ INFO : 2026-04-07 16:45:06,961 ] - |     TRAIN|        12|      4800|    33.454|0.00074519|
[ INFO : 2026-04-07 16:45:52,001 ] - |     TRAIN|        12|      4900|    33.453|0.00074482|
[ INFO : 2026-04-07 16:46:36,678 ] - |     TRAIN|        12|      5000|    33.453|0.00074445|
/share/workspace3/maduo/codebase/wesep_wenet/examples/visual/voxceleb2mix/wesep/utils/executor.py:187: FutureWarning: `torch.cuda.amp.autocast(args...)` is deprecated. Please use `torch.amp.autocast('cuda', args...)` instead.
  with torch.cuda.amp.autocast(enabled=enable_amp):
[ INFO : 2026-04-07 16:47:18,760 ] - |       VAL|        12|       100|    33.556|         -|
[ INFO : 2026-04-07 16:47:49,684 ] - |       VAL|        12|       200|    33.491|         -|
[ INFO : 2026-04-07 16:48:20,707 ] - |       VAL|        12|       300|    33.486|         -|
[ INFO : 2026-04-07 16:48:51,883 ] - |       VAL|        12|       400|    33.422|         -|
[ INFO : 2026-04-07 16:49:23,489 ] - |       VAL|        12|       500|    33.381|         -|
[ INFO : 2026-04-07 16:49:54,166 ] - |       VAL|        12|       600|     33.38|         -|
[ INFO : 2026-04-07 16:50:25,115 ] - |       VAL|        12|       700|    33.384|         -|
[ INFO : 2026-04-07 16:50:56,018 ] - |       VAL|        12|       800|    33.399|         -|
[ INFO : 2026-04-07 16:51:26,603 ] - |       VAL|        12|       900|    33.393|         -|
[ INFO : 2026-04-07 16:51:57,602 ] - |       VAL|        12|      1000|    33.379|         -|
[ INFO : 2026-04-07 16:52:28,269 ] - |       VAL|        12|      1100|    33.372|         -|
[ INFO : 2026-04-07 16:52:58,966 ] - |       VAL|        12|      1200|    33.394|         -|
[ INFO : 2026-04-07 16:53:14,588 ] - Epoch 12 Train info train_loss 33.45253791389465
[ INFO : 2026-04-07 16:53:14,589 ] - Epoch 12 Val info val_loss 33.39938608551025
[ INFO : 2026-04-07 16:54:20,782 ] - |     TRAIN|        13|       100|    33.143|0.00074409|
[ INFO : 2026-04-07 16:54:55,776 ] - |     TRAIN|        13|       200|     33.26|0.00074372|
[ INFO : 2026-04-07 16:55:30,784 ] - |     TRAIN|        13|       300|    33.307|0.00074336|
[ INFO : 2026-04-07 16:56:05,622 ] - |     TRAIN|        13|       400|    33.371|0.00074299|
[ INFO : 2026-04-07 16:56:40,824 ] - |     TRAIN|        13|       500|    33.413|0.00074262|
[ INFO : 2026-04-07 16:57:19,586 ] - |     TRAIN|        13|       600|    33.447|0.00074226|
[ INFO : 2026-04-07 16:57:57,932 ] - |     TRAIN|        13|       700|    33.441|0.00074189|
[ INFO : 2026-04-07 16:58:41,213 ] - |     TRAIN|        13|       800|     33.48|0.00074153|
[ INFO : 2026-04-07 16:59:25,511 ] - |     TRAIN|        13|       900|    33.487|0.00074116|
[ INFO : 2026-04-07 17:00:09,721 ] - |     TRAIN|        13|      1000|    33.477| 0.0007408|
[ INFO : 2026-04-07 17:00:53,766 ] - |     TRAIN|        13|      1100|    33.507|0.00074044|
[ INFO : 2026-04-07 17:01:37,705 ] - |     TRAIN|        13|      1200|     33.49|0.00074007|
[ INFO : 2026-04-07 17:03:01,682 ] - |     TRAIN|        13|      1300|    33.469|0.00073971|
[ INFO : 2026-04-07 17:03:36,465 ] - |     TRAIN|        13|      1400|    33.468|0.00073934|
[ INFO : 2026-04-07 17:04:11,398 ] - |     TRAIN|        13|      1500|    33.446|0.00073898|
[ INFO : 2026-04-07 17:04:46,432 ] - |     TRAIN|        13|      1600|    33.447|0.00073862|
[ INFO : 2026-04-07 17:05:21,336 ] - |     TRAIN|        13|      1700|    33.433|0.00073825|
[ INFO : 2026-04-07 17:05:56,042 ] - |     TRAIN|        13|      1800|    33.419|0.00073789|
[ INFO : 2026-04-07 17:06:33,768 ] - |     TRAIN|        13|      1900|    33.412|0.00073753|
[ INFO : 2026-04-07 17:07:12,543 ] - |     TRAIN|        13|      2000|    33.413|0.00073717|
[ INFO : 2026-04-07 17:07:52,947 ] - |     TRAIN|        13|      2100|    33.418| 0.0007368|
[ INFO : 2026-04-07 17:08:38,552 ] - |     TRAIN|        13|      2200|    33.412|0.00073644|
[ INFO : 2026-04-07 17:09:23,447 ] - |     TRAIN|        13|      2300|    33.408|0.00073608|
[ INFO : 2026-04-07 17:10:08,104 ] - |     TRAIN|        13|      2400|    33.417|0.00073572|
[ INFO : 2026-04-07 17:10:52,740 ] - |     TRAIN|        13|      2500|    33.405|0.00073536|
[ INFO : 2026-04-07 17:12:14,785 ] - |     TRAIN|        13|      2600|    33.417|0.00073499|
[ INFO : 2026-04-07 17:12:49,765 ] - |     TRAIN|        13|      2700|    33.427|0.00073463|
[ INFO : 2026-04-07 17:13:24,733 ] - |     TRAIN|        13|      2800|    33.432|0.00073427|
[ INFO : 2026-04-07 17:13:59,561 ] - |     TRAIN|        13|      2900|     33.43|0.00073391|
[ INFO : 2026-04-07 17:14:34,440 ] - |     TRAIN|        13|      3000|    33.431|0.00073355|
[ INFO : 2026-04-07 17:15:09,680 ] - |     TRAIN|        13|      3100|    33.434|0.00073319|
[ INFO : 2026-04-07 17:15:48,666 ] - |     TRAIN|        13|      3200|    33.435|0.00073283|
[ INFO : 2026-04-07 17:16:27,837 ] - |     TRAIN|        13|      3300|    33.428|0.00073247|
[ INFO : 2026-04-07 17:17:12,321 ] - |     TRAIN|        13|      3400|    33.429|0.00073211|
[ INFO : 2026-04-07 17:17:57,285 ] - |     TRAIN|        13|      3500|    33.428|0.00073175|
[ INFO : 2026-04-07 17:18:41,917 ] - |     TRAIN|        13|      3600|    33.425|0.00073139|
[ INFO : 2026-04-07 17:19:26,708 ] - |     TRAIN|        13|      3700|    33.422|0.00073103|
[ INFO : 2026-04-07 17:21:14,806 ] - |     TRAIN|        13|      3800|     33.42|0.00073067|
[ INFO : 2026-04-07 17:21:49,670 ] - |     TRAIN|        13|      3900|    33.421|0.00073031|
[ INFO : 2026-04-07 17:22:24,695 ] - |     TRAIN|        13|      4000|     33.42|0.00072995|
[ INFO : 2026-04-07 17:22:59,714 ] - |     TRAIN|        13|      4100|    33.418|0.00072959|
[ INFO : 2026-04-07 17:23:34,618 ] - |     TRAIN|        13|      4200|    33.422|0.00072923|
[ INFO : 2026-04-07 17:24:09,589 ] - |     TRAIN|        13|      4300|    33.416|0.00072887|
[ INFO : 2026-04-07 17:24:47,811 ] - |     TRAIN|        13|      4400|    33.414|0.00072852|
[ INFO : 2026-04-07 17:25:27,042 ] - |     TRAIN|        13|      4500|    33.411|0.00072816|
[ INFO : 2026-04-07 17:26:07,302 ] - |     TRAIN|        13|      4600|    33.415| 0.0007278|
[ INFO : 2026-04-07 17:26:53,459 ] - |     TRAIN|        13|      4700|    33.413|0.00072744|
[ INFO : 2026-04-07 17:27:38,830 ] - |     TRAIN|        13|      4800|    33.417|0.00072708|
[ INFO : 2026-04-07 17:28:23,926 ] - |     TRAIN|        13|      4900|    33.412|0.00072673|
[ INFO : 2026-04-07 17:29:08,175 ] - |     TRAIN|        13|      5000|     33.41|0.00072637|
/share/workspace3/maduo/codebase/wesep_wenet/examples/visual/voxceleb2mix/wesep/utils/executor.py:187: FutureWarning: `torch.cuda.amp.autocast(args...)` is deprecated. Please use `torch.amp.autocast('cuda', args...)` instead.
  with torch.cuda.amp.autocast(enabled=enable_amp):
[ INFO : 2026-04-07 17:29:50,378 ] - |       VAL|        13|       100|    33.353|         -|
[ INFO : 2026-04-07 17:30:21,554 ] - |       VAL|        13|       200|    33.252|         -|
[ INFO : 2026-04-07 17:31:01,764 ] - |       VAL|        13|       300|     33.21|         -|
[ INFO : 2026-04-07 17:31:41,451 ] - |       VAL|        13|       400|    33.232|         -|
[ INFO : 2026-04-07 17:32:13,316 ] - |       VAL|        13|       500|    33.308|         -|
[ INFO : 2026-04-07 17:32:44,650 ] - |       VAL|        13|       600|     33.34|         -|
[ INFO : 2026-04-07 17:33:15,811 ] - |       VAL|        13|       700|    33.342|         -|
[ INFO : 2026-04-07 17:33:46,910 ] - |       VAL|        13|       800|    33.325|         -|
[ INFO : 2026-04-07 17:34:17,583 ] - |       VAL|        13|       900|    33.313|         -|
[ INFO : 2026-04-07 17:34:48,268 ] - |       VAL|        13|      1000|     33.27|         -|
[ INFO : 2026-04-07 17:35:19,245 ] - |       VAL|        13|      1100|    33.267|         -|
[ INFO : 2026-04-07 17:35:50,095 ] - |       VAL|        13|      1200|    33.254|         -|
[ INFO : 2026-04-07 17:36:06,036 ] - Epoch 13 Train info train_loss 33.40972357521057
[ INFO : 2026-04-07 17:36:06,036 ] - Epoch 13 Val info val_loss 33.26481380462646
[ INFO : 2026-04-07 17:37:12,837 ] - |     TRAIN|        14|       100|    33.221|0.00072601|
[ INFO : 2026-04-07 17:37:47,662 ] - |     TRAIN|        14|       200|     33.19|0.00072565|
[ INFO : 2026-04-07 17:38:22,359 ] - |     TRAIN|        14|       300|    33.244| 0.0007253|
[ INFO : 2026-04-07 17:38:56,991 ] - |     TRAIN|        14|       400|    33.235|0.00072494|
[ INFO : 2026-04-07 17:39:32,643 ] - |     TRAIN|        14|       500|     33.24|0.00072458|
[ INFO : 2026-04-07 17:40:13,096 ] - |     TRAIN|        14|       600|     33.28|0.00072423|
[ INFO : 2026-04-07 17:40:53,341 ] - |     TRAIN|        14|       700|    33.299|0.00072387|
[ INFO : 2026-04-07 17:41:40,611 ] - |     TRAIN|        14|       800|     33.31|0.00072352|
[ INFO : 2026-04-07 17:42:27,285 ] - |     TRAIN|        14|       900|    33.321|0.00072316|
[ INFO : 2026-04-07 17:43:13,988 ] - |     TRAIN|        14|      1000|    33.322| 0.0007228|
[ INFO : 2026-04-07 17:43:59,804 ] - |     TRAIN|        14|      1100|    33.327|0.00072245|
[ INFO : 2026-04-07 17:44:44,755 ] - |     TRAIN|        14|      1200|    33.351|0.00072209|
[ INFO : 2026-04-07 17:46:09,220 ] - |     TRAIN|        14|      1300|    33.377|0.00072174|
[ INFO : 2026-04-07 17:46:43,868 ] - |     TRAIN|        14|      1400|    33.413|0.00072138|
[ INFO : 2026-04-07 17:47:19,526 ] - |     TRAIN|        14|      1500|    33.416|0.00072103|
[ INFO : 2026-04-07 17:48:00,102 ] - |     TRAIN|        14|      1600|    33.427|0.00072067|
[ INFO : 2026-04-07 17:48:34,693 ] - |     TRAIN|        14|      1700|    33.421|0.00072032|
[ INFO : 2026-04-07 17:49:09,396 ] - |     TRAIN|        14|      1800|    33.417|0.00071997|
[ INFO : 2026-04-07 17:49:44,036 ] - |     TRAIN|        14|      1900|    33.406|0.00071961|
[ INFO : 2026-04-07 17:50:22,650 ] - |     TRAIN|        14|      2000|    33.397|0.00071926|
[ INFO : 2026-04-07 17:51:06,628 ] - |     TRAIN|        14|      2100|    33.393| 0.0007189|
[ INFO : 2026-04-07 17:51:52,318 ] - |     TRAIN|        14|      2200|    33.388|0.00071855|
[ INFO : 2026-04-07 17:52:37,340 ] - |     TRAIN|        14|      2300|    33.381| 0.0007182|
[ INFO : 2026-04-07 17:53:22,329 ] - |     TRAIN|        14|      2400|    33.384|0.00071784|
[ INFO : 2026-04-07 17:54:07,084 ] - |     TRAIN|        14|      2500|    33.382|0.00071749|
[ INFO : 2026-04-07 17:55:23,675 ] - |     TRAIN|        14|      2600|    33.388|0.00071714|
[ INFO : 2026-04-07 17:55:58,302 ] - |     TRAIN|        14|      2700|    33.386|0.00071679|
[ INFO : 2026-04-07 17:56:33,368 ] - |     TRAIN|        14|      2800|    33.382|0.00071643|
[ INFO : 2026-04-07 17:57:08,131 ] - |     TRAIN|        14|      2900|    33.391|0.00071608|
[ INFO : 2026-04-07 17:57:42,746 ] - |     TRAIN|        14|      3000|    33.382|0.00071573|
[ INFO : 2026-04-07 17:58:17,356 ] - |     TRAIN|        14|      3100|    33.384|0.00071538|
[ INFO : 2026-04-07 17:58:53,131 ] - |     TRAIN|        14|      3200|    33.382|0.00071503|
[ INFO : 2026-04-07 17:59:32,241 ] - |     TRAIN|        14|      3300|    33.381|0.00071467|
[ INFO : 2026-04-07 18:00:16,617 ] - |     TRAIN|        14|      3400|    33.372|0.00071432|
[ INFO : 2026-04-07 18:01:01,667 ] - |     TRAIN|        14|      3500|     33.37|0.00071397|
[ INFO : 2026-04-07 18:01:46,088 ] - |     TRAIN|        14|      3600|     33.36|0.00071362|
[ INFO : 2026-04-07 18:02:30,522 ] - |     TRAIN|        14|      3700|    33.352|0.00071327|
[ INFO : 2026-04-07 18:03:55,963 ] - |     TRAIN|        14|      3800|    33.358|0.00071292|
[ INFO : 2026-04-07 18:04:30,506 ] - |     TRAIN|        14|      3900|    33.358|0.00071257|
[ INFO : 2026-04-07 18:05:05,170 ] - |     TRAIN|        14|      4000|    33.353|0.00071222|
[ INFO : 2026-04-07 18:05:39,869 ] - |     TRAIN|        14|      4100|     33.35|0.00071187|
[ INFO : 2026-04-07 18:06:14,466 ] - |     TRAIN|        14|      4200|    33.348|0.00071152|
[ INFO : 2026-04-07 18:06:49,178 ] - |     TRAIN|        14|      4300|    33.349|0.00071117|
[ INFO : 2026-04-07 18:07:23,769 ] - |     TRAIN|        14|      4400|    33.347|0.00071082|
[ INFO : 2026-04-07 18:08:02,072 ] - |     TRAIN|        14|      4500|    33.343|0.00071047|
[ INFO : 2026-04-07 18:08:43,380 ] - |     TRAIN|        14|      4600|    33.341|0.00071012|
[ INFO : 2026-04-07 18:09:29,102 ] - |     TRAIN|        14|      4700|     33.34|0.00070977|
[ INFO : 2026-04-07 18:10:14,564 ] - |     TRAIN|        14|      4800|    33.337|0.00070942|
[ INFO : 2026-04-07 18:10:59,749 ] - |     TRAIN|        14|      4900|     33.34|0.00070907|
[ INFO : 2026-04-07 18:11:44,740 ] - |     TRAIN|        14|      5000|    33.333|0.00070872|
/share/workspace3/maduo/codebase/wesep_wenet/examples/visual/voxceleb2mix/wesep/utils/executor.py:187: FutureWarning: `torch.cuda.amp.autocast(args...)` is deprecated. Please use `torch.amp.autocast('cuda', args...)` instead.
  with torch.cuda.amp.autocast(enabled=enable_amp):
[ INFO : 2026-04-07 18:12:27,225 ] - |       VAL|        14|       100|    33.276|         -|
[ INFO : 2026-04-07 18:12:58,678 ] - |       VAL|        14|       200|    33.258|         -|
[ INFO : 2026-04-07 18:13:32,069 ] - |       VAL|        14|       300|     33.24|         -|
[ INFO : 2026-04-07 18:14:03,045 ] - |       VAL|        14|       400|     33.25|         -|
[ INFO : 2026-04-07 18:14:33,995 ] - |       VAL|        14|       500|    33.289|         -|
[ INFO : 2026-04-07 18:15:05,458 ] - |       VAL|        14|       600|    33.291|         -|
[ INFO : 2026-04-07 18:15:36,827 ] - |       VAL|        14|       700|    33.274|         -|
[ INFO : 2026-04-07 18:16:08,342 ] - |       VAL|        14|       800|    33.267|         -|
[ INFO : 2026-04-07 18:16:39,271 ] - |       VAL|        14|       900|    33.269|         -|
[ INFO : 2026-04-07 18:17:10,115 ] - |       VAL|        14|      1000|     33.26|         -|
[ INFO : 2026-04-07 18:17:40,978 ] - |       VAL|        14|      1100|    33.262|         -|
[ INFO : 2026-04-07 18:18:12,368 ] - |       VAL|        14|      1200|    33.274|         -|
[ INFO : 2026-04-07 18:18:28,362 ] - Epoch 14 Train info train_loss 33.33270125007629
[ INFO : 2026-04-07 18:18:28,362 ] - Epoch 14 Val info val_loss 33.27158622131348
[ INFO : 2026-04-07 18:19:35,149 ] - |     TRAIN|        15|       100|    33.481|0.00070837|
[ INFO : 2026-04-07 18:20:10,147 ] - |     TRAIN|        15|       200|    33.343|0.00070803|
[ INFO : 2026-04-07 18:20:45,059 ] - |     TRAIN|        15|       300|     33.23|0.00070768|
[ INFO : 2026-04-07 18:21:19,900 ] - |     TRAIN|        15|       400|    33.148|0.00070733|
[ INFO : 2026-04-07 18:21:55,999 ] - |     TRAIN|        15|       500|    33.174|0.00070698|
[ INFO : 2026-04-07 18:22:36,782 ] - |     TRAIN|        15|       600|    33.258|0.00070663|
[ INFO : 2026-04-07 18:23:17,386 ] - |     TRAIN|        15|       700|    33.257|0.00070629|
[ INFO : 2026-04-07 18:24:04,501 ] - |     TRAIN|        15|       800|     33.27|0.00070594|
[ INFO : 2026-04-07 18:24:50,748 ] - |     TRAIN|        15|       900|    33.262|0.00070559|
[ INFO : 2026-04-07 18:25:36,510 ] - |     TRAIN|        15|      1000|    33.285|0.00070525|
[ INFO : 2026-04-07 18:26:22,371 ] - |     TRAIN|        15|      1100|     33.29| 0.0007049|
[ INFO : 2026-04-07 18:27:08,021 ] - |     TRAIN|        15|      1200|    33.281|0.00070455|
[ INFO : 2026-04-07 18:28:30,967 ] - |     TRAIN|        15|      1300|    33.271|0.00070421|
[ INFO : 2026-04-07 18:29:06,418 ] - |     TRAIN|        15|      1400|     33.27|0.00070386|
[ INFO : 2026-04-07 18:29:41,399 ] - |     TRAIN|        15|      1500|     33.29|0.00070351|
[ INFO : 2026-04-07 18:30:20,012 ] - |     TRAIN|        15|      1600|    33.285|0.00070317|
[ INFO : 2026-04-07 18:30:55,119 ] - |     TRAIN|        15|      1700|    33.295|0.00070282|
[ INFO : 2026-04-07 18:31:30,019 ] - |     TRAIN|        15|      1800|    33.291|0.00070248|
[ INFO : 2026-04-07 18:32:05,000 ] - |     TRAIN|        15|      1900|    33.289|0.00070213|
[ INFO : 2026-04-07 18:32:41,699 ] - |     TRAIN|        15|      2000|    33.305|0.00070179|
[ INFO : 2026-04-07 18:33:20,502 ] - |     TRAIN|        15|      2100|    33.309|0.00070144|
[ INFO : 2026-04-07 18:34:03,365 ] - |     TRAIN|        15|      2200|    33.308| 0.0007011|
[ INFO : 2026-04-07 18:34:48,560 ] - |     TRAIN|        15|      2300|    33.315|0.00070075|
[ INFO : 2026-04-07 18:35:33,663 ] - |     TRAIN|        15|      2400|    33.315|0.00070041|
[ INFO : 2026-04-07 18:36:18,396 ] - |     TRAIN|        15|      2500|    33.311|0.00070006|
[ INFO : 2026-04-07 18:37:37,752 ] - |     TRAIN|        15|      2600|    33.316|0.00069972|
[ INFO : 2026-04-07 18:38:12,553 ] - |     TRAIN|        15|      2700|     33.32|0.00069937|
[ INFO : 2026-04-07 18:38:47,459 ] - |     TRAIN|        15|      2800|    33.326|0.00069903|
[ INFO : 2026-04-07 18:39:27,330 ] - |     TRAIN|        15|      2900|    33.319|0.00069869|
[ INFO : 2026-04-07 18:40:03,309 ] - |     TRAIN|        15|      3000|    33.311|0.00069834|
[ INFO : 2026-04-07 18:40:38,219 ] - |     TRAIN|        15|      3100|    33.308|  0.000698|
[ INFO : 2026-04-07 18:41:13,156 ] - |     TRAIN|        15|      3200|    33.296|0.00069766|
[ INFO : 2026-04-07 18:41:52,832 ] - |     TRAIN|        15|      3300|    33.294|0.00069731|
[ INFO : 2026-04-07 18:42:37,219 ] - |     TRAIN|        15|      3400|    33.291|0.00069697|
[ INFO : 2026-04-07 18:43:22,435 ] - |     TRAIN|        15|      3500|    33.297|0.00069663|
[ INFO : 2026-04-07 18:44:06,742 ] - |     TRAIN|        15|      3600|    33.295|0.00069628|
[ INFO : 2026-04-07 18:44:51,295 ] - |     TRAIN|        15|      3700|    33.295|0.00069594|
[ INFO : 2026-04-07 18:46:10,213 ] - |     TRAIN|        15|      3800|    33.291| 0.0006956|
[ INFO : 2026-04-07 18:46:45,067 ] - |     TRAIN|        15|      3900|     33.29|0.00069526|
[ INFO : 2026-04-07 18:47:20,004 ] - |     TRAIN|        15|      4000|    33.299|0.00069492|
[ INFO : 2026-04-07 18:47:55,002 ] - |     TRAIN|        15|      4100|    33.293|0.00069457|
[ INFO : 2026-04-07 18:48:29,980 ] - |     TRAIN|        15|      4200|    33.285|0.00069423|
[ INFO : 2026-04-07 18:49:04,943 ] - |     TRAIN|        15|      4300|     33.28|0.00069389|
[ INFO : 2026-04-07 18:49:39,825 ] - |     TRAIN|        15|      4400|    33.278|0.00069355|
[ INFO : 2026-04-07 18:50:16,602 ] - |     TRAIN|        15|      4500|    33.275|0.00069321|
[ INFO : 2026-04-07 18:50:56,602 ] - |     TRAIN|        15|      4600|    33.275|0.00069287|
[ INFO : 2026-04-07 18:51:41,496 ] - |     TRAIN|        15|      4700|    33.277|0.00069253|
[ INFO : 2026-04-07 18:52:26,270 ] - |     TRAIN|        15|      4800|    33.276|0.00069219|
[ INFO : 2026-04-07 18:53:10,627 ] - |     TRAIN|        15|      4900|    33.271|0.00069185|
[ INFO : 2026-04-07 18:53:54,939 ] - |     TRAIN|        15|      5000|    33.274|0.00069151|
/share/workspace3/maduo/codebase/wesep_wenet/examples/visual/voxceleb2mix/wesep/utils/executor.py:187: FutureWarning: `torch.cuda.amp.autocast(args...)` is deprecated. Please use `torch.amp.autocast('cuda', args...)` instead.
  with torch.cuda.amp.autocast(enabled=enable_amp):
[ INFO : 2026-04-07 18:54:37,461 ] - |       VAL|        15|       100|    33.412|         -|
[ INFO : 2026-04-07 18:55:08,686 ] - |       VAL|        15|       200|    33.386|         -|
[ INFO : 2026-04-07 18:55:39,833 ] - |       VAL|        15|       300|    33.345|         -|
[ INFO : 2026-04-07 18:56:10,688 ] - |       VAL|        15|       400|    33.343|         -|
[ INFO : 2026-04-07 18:56:41,544 ] - |       VAL|        15|       500|     33.31|         -|
[ INFO : 2026-04-07 18:57:12,068 ] - |       VAL|        15|       600|    33.278|         -|
[ INFO : 2026-04-07 18:57:42,652 ] - |       VAL|        15|       700|    33.251|         -|
[ INFO : 2026-04-07 18:58:14,262 ] - |       VAL|        15|       800|    33.244|         -|
[ INFO : 2026-04-07 18:58:45,440 ] - |       VAL|        15|       900|    33.231|         -|
[ INFO : 2026-04-07 18:59:16,283 ] - |       VAL|        15|      1000|    33.207|         -|
[ INFO : 2026-04-07 18:59:47,519 ] - |       VAL|        15|      1100|    33.208|         -|
[ INFO : 2026-04-07 19:00:18,809 ] - |       VAL|        15|      1200|    33.205|         -|
[ INFO : 2026-04-07 19:00:34,582 ] - Epoch 15 Train info train_loss 33.27373832130432
[ INFO : 2026-04-07 19:00:34,582 ] - Epoch 15 Val info val_loss 33.19376994781494
[ INFO : 2026-04-07 19:01:41,164 ] - |     TRAIN|        16|       100|    33.307|0.00069117|
[ INFO : 2026-04-07 19:02:15,974 ] - |     TRAIN|        16|       200|    33.304|0.00069083|
[ INFO : 2026-04-07 19:02:50,803 ] - |     TRAIN|        16|       300|    33.286|0.00069049|
[ INFO : 2026-04-07 19:03:25,428 ] - |     TRAIN|        16|       400|    33.273|0.00069015|
[ INFO : 2026-04-07 19:04:00,017 ] - |     TRAIN|        16|       500|    33.234|0.00068981|
[ INFO : 2026-04-07 19:04:37,266 ] - |     TRAIN|        16|       600|    33.284|0.00068947|
[ INFO : 2026-04-07 19:05:15,678 ] - |     TRAIN|        16|       700|    33.318|0.00068913|
[ INFO : 2026-04-07 19:05:54,518 ] - |     TRAIN|        16|       800|     33.34|0.00068879|
[ INFO : 2026-04-07 19:06:39,407 ] - |     TRAIN|        16|       900|    33.381|0.00068845|
[ INFO : 2026-04-07 19:07:23,685 ] - |     TRAIN|        16|      1000|    33.377|0.00068811|
[ INFO : 2026-04-07 19:08:07,775 ] - |     TRAIN|        16|      1100|     33.38|0.00068778|
[ INFO : 2026-04-07 19:08:51,647 ] - |     TRAIN|        16|      1200|    33.384|0.00068744|
[ INFO : 2026-04-07 19:10:12,513 ] - |     TRAIN|        16|      1300|    33.363| 0.0006871|
[ INFO : 2026-04-07 19:10:47,405 ] - |     TRAIN|        16|      1400|    33.362|0.00068676|
[ INFO : 2026-04-07 19:11:22,254 ] - |     TRAIN|        16|      1500|    33.356|0.00068642|
[ INFO : 2026-04-07 19:11:56,915 ] - |     TRAIN|        16|      1600|    33.362|0.00068609|
[ INFO : 2026-04-07 19:12:32,004 ] - |     TRAIN|        16|      1700|    33.366|0.00068575|
[ INFO : 2026-04-07 19:13:06,646 ] - |     TRAIN|        16|      1800|    33.365|0.00068541|
[ INFO : 2026-04-07 19:13:43,686 ] - |     TRAIN|        16|      1900|    33.368|0.00068507|
[ INFO : 2026-04-07 19:14:22,426 ] - |     TRAIN|        16|      2000|    33.396|0.00068474|
[ INFO : 2026-04-07 19:15:01,306 ] - |     TRAIN|        16|      2100|    33.415| 0.0006844|
[ INFO : 2026-04-07 19:15:46,656 ] - |     TRAIN|        16|      2200|    33.415|0.00068406|
[ INFO : 2026-04-07 19:16:31,229 ] - |     TRAIN|        16|      2300|    33.418|0.00068373|
[ INFO : 2026-04-07 19:17:15,464 ] - |     TRAIN|        16|      2400|    33.424|0.00068339|
[ INFO : 2026-04-07 19:17:59,760 ] - |     TRAIN|        16|      2500|    33.435|0.00068306|
[ INFO : 2026-04-07 19:19:16,087 ] - |     TRAIN|        16|      2600|    33.433|0.00068272|
[ INFO : 2026-04-07 19:19:50,898 ] - |     TRAIN|        16|      2700|    33.436|0.00068238|
[ INFO : 2026-04-07 19:20:25,671 ] - |     TRAIN|        16|      2800|    33.443|0.00068205|
[ INFO : 2026-04-07 19:21:00,351 ] - |     TRAIN|        16|      2900|    33.451|0.00068171|
[ INFO : 2026-04-07 19:21:35,026 ] - |     TRAIN|        16|      3000|    33.454|0.00068138|
[ INFO : 2026-04-07 19:22:09,991 ] - |     TRAIN|        16|      3100|    33.457|0.00068104|
[ INFO : 2026-04-07 19:22:48,818 ] - |     TRAIN|        16|      3200|    33.462|0.00068071|
[ INFO : 2026-04-07 19:23:27,393 ] - |     TRAIN|        16|      3300|    33.472|0.00068037|
[ INFO : 2026-04-07 19:24:09,746 ] - |     TRAIN|        16|      3400|    33.473|0.00068004|
[ INFO : 2026-04-07 19:24:54,616 ] - |     TRAIN|        16|      3500|     33.48| 0.0006797|
[ INFO : 2026-04-07 19:25:39,099 ] - |     TRAIN|        16|      3600|    33.485|0.00067937|
[ INFO : 2026-04-07 19:26:23,174 ] - |     TRAIN|        16|      3700|    33.486|0.00067904|
[ INFO : 2026-04-07 19:27:44,174 ] - |     TRAIN|        16|      3800|    33.493| 0.0006787|
[ INFO : 2026-04-07 19:28:18,962 ] - |     TRAIN|        16|      3900|    33.496|0.00067837|
[ INFO : 2026-04-07 19:28:54,018 ] - |     TRAIN|        16|      4000|     33.49|0.00067803|
[ INFO : 2026-04-07 19:29:28,762 ] - |     TRAIN|        16|      4100|     33.49| 0.0006777|
[ INFO : 2026-04-07 19:30:03,609 ] - |     TRAIN|        16|      4200|    33.489|0.00067737|
[ INFO : 2026-04-07 19:30:38,374 ] - |     TRAIN|        16|      4300|    33.487|0.00067703|
[ INFO : 2026-04-07 19:31:15,190 ] - |     TRAIN|        16|      4400|     33.48| 0.0006767|
[ INFO : 2026-04-07 19:31:53,650 ] - |     TRAIN|        16|      4500|     33.48|0.00067637|
[ INFO : 2026-04-07 19:32:32,872 ] - |     TRAIN|        16|      4600|    33.478|0.00067604|
[ INFO : 2026-04-07 19:33:17,909 ] - |     TRAIN|        16|      4700|    33.476| 0.0006757|
[ INFO : 2026-04-07 19:34:02,454 ] - |     TRAIN|        16|      4800|    33.479|0.00067537|
[ INFO : 2026-04-07 19:34:46,340 ] - |     TRAIN|        16|      4900|    33.475|0.00067504|
[ INFO : 2026-04-07 19:35:30,664 ] - |     TRAIN|        16|      5000|    33.472|0.00067471|
/share/workspace3/maduo/codebase/wesep_wenet/examples/visual/voxceleb2mix/wesep/utils/executor.py:187: FutureWarning: `torch.cuda.amp.autocast(args...)` is deprecated. Please use `torch.amp.autocast('cuda', args...)` instead.
  with torch.cuda.amp.autocast(enabled=enable_amp):
[ INFO : 2026-04-07 19:36:13,313 ] - |       VAL|        16|       100|    33.374|         -|
[ INFO : 2026-04-07 19:36:44,889 ] - |       VAL|        16|       200|    33.291|         -|
[ INFO : 2026-04-07 19:37:16,469 ] - |       VAL|        16|       300|    33.229|         -|
[ INFO : 2026-04-07 19:37:47,508 ] - |       VAL|        16|       400|    33.218|         -|
[ INFO : 2026-04-07 19:38:18,834 ] - |       VAL|        16|       500|    33.184|         -|
[ INFO : 2026-04-07 19:38:50,461 ] - |       VAL|        16|       600|    33.177|         -|
[ INFO : 2026-04-07 19:39:21,652 ] - |       VAL|        16|       700|    33.212|         -|
[ INFO : 2026-04-07 19:39:52,674 ] - |       VAL|        16|       800|    33.228|         -|
[ INFO : 2026-04-07 19:40:23,836 ] - |       VAL|        16|       900|    33.228|         -|
[ INFO : 2026-04-07 19:40:54,863 ] - |       VAL|        16|      1000|    33.221|         -|
[ INFO : 2026-04-07 19:41:25,207 ] - |       VAL|        16|      1100|    33.212|         -|
[ INFO : 2026-04-07 19:41:55,779 ] - |       VAL|        16|      1200|    33.236|         -|
[ INFO : 2026-04-07 19:42:11,698 ] - Epoch 16 Train info train_loss 33.47169924621582
[ INFO : 2026-04-07 19:42:11,699 ] - Epoch 16 Val info val_loss 33.213806446838376
[ INFO : 2026-04-07 19:43:18,665 ] - |     TRAIN|        17|       100|    33.091|0.00067438|
[ INFO : 2026-04-07 19:43:53,658 ] - |     TRAIN|        17|       200|    33.206|0.00067404|
[ INFO : 2026-04-07 19:44:28,610 ] - |     TRAIN|        17|       300|    33.195|0.00067371|
[ INFO : 2026-04-07 19:45:03,672 ] - |     TRAIN|        17|       400|    33.229|0.00067338|
[ INFO : 2026-04-07 19:45:39,336 ] - |     TRAIN|        17|       500|    33.266|0.00067305|
[ INFO : 2026-04-07 19:46:19,811 ] - |     TRAIN|        17|       600|    33.266|0.00067272|
[ INFO : 2026-04-07 19:47:00,318 ] - |     TRAIN|        17|       700|    33.254|0.00067239|
[ INFO : 2026-04-07 19:47:47,258 ] - |     TRAIN|        17|       800|    33.302|0.00067206|
[ INFO : 2026-04-07 19:48:33,156 ] - |     TRAIN|        17|       900|    33.323|0.00067173|
[ INFO : 2026-04-07 19:49:19,277 ] - |     TRAIN|        17|      1000|    33.336| 0.0006714|
[ INFO : 2026-04-07 19:50:05,084 ] - |     TRAIN|        17|      1100|    33.325|0.00067107|
[ INFO : 2026-04-07 19:50:50,471 ] - |     TRAIN|        17|      1200|    33.329|0.00067074|
[ INFO : 2026-04-07 19:53:22,056 ] - |     TRAIN|        17|      1300|    33.335|0.00067041|
[ INFO : 2026-04-07 19:53:56,920 ] - |     TRAIN|        17|      1400|    33.347|0.00067008|
[ INFO : 2026-04-07 19:54:31,844 ] - |     TRAIN|        17|      1500|    33.362|0.00066975|
[ INFO : 2026-04-07 19:55:18,629 ] - |     TRAIN|        17|      1600|    33.374|0.00066942|
[ INFO : 2026-04-07 19:56:00,573 ] - |     TRAIN|        17|      1700|    33.382|0.00066909|
[ INFO : 2026-04-07 19:56:35,653 ] - |     TRAIN|        17|      1800|    33.371|0.00066876|
[ INFO : 2026-04-07 19:57:11,153 ] - |     TRAIN|        17|      1900|    33.378|0.00066843|
[ INFO : 2026-04-07 19:57:48,265 ] - |     TRAIN|        17|      2000|     33.38| 0.0006681|
[ INFO : 2026-04-07 19:58:29,761 ] - |     TRAIN|        17|      2100|    33.384|0.00066777|
[ INFO : 2026-04-07 19:59:16,479 ] - |     TRAIN|        17|      2200|    33.383|0.00066745|
[ INFO : 2026-04-07 20:00:04,377 ] - |     TRAIN|        17|      2300|    33.376|0.00066712|
[ INFO : 2026-04-07 20:00:52,567 ] - |     TRAIN|        17|      2400|    33.371|0.00066679|
[ INFO : 2026-04-07 20:01:41,418 ] - |     TRAIN|        17|      2500|    33.373|0.00066646|
[ INFO : 2026-04-07 20:04:19,660 ] - |     TRAIN|        17|      2600|    33.369|0.00066613|
[ INFO : 2026-04-07 20:04:54,927 ] - |     TRAIN|        17|      2700|    33.366|0.00066581|
[ INFO : 2026-04-07 20:05:29,967 ] - |     TRAIN|        17|      2800|     33.37|0.00066548|
[ INFO : 2026-04-07 20:06:05,036 ] - |     TRAIN|        17|      2900|    33.365|0.00066515|
[ INFO : 2026-04-07 20:06:40,467 ] - |     TRAIN|        17|      3000|    33.364|0.00066483|
[ INFO : 2026-04-07 20:07:15,488 ] - |     TRAIN|        17|      3100|    33.357| 0.0006645|
[ INFO : 2026-04-07 20:07:50,651 ] - |     TRAIN|        17|      3200|    33.347|0.00066417|
[ INFO : 2026-04-07 20:08:32,343 ] - |     TRAIN|        17|      3300|    33.339|0.00066384|
[ INFO : 2026-04-07 20:09:17,415 ] - |     TRAIN|        17|      3400|    33.325|0.00066352|
[ INFO : 2026-04-07 20:10:05,305 ] - |     TRAIN|        17|      3500|    33.319|0.00066319|
[ INFO : 2026-04-07 20:10:51,862 ] - |     TRAIN|        17|      3600|    33.317|0.00066287|
[ INFO : 2026-04-07 20:11:38,129 ] - |     TRAIN|        17|      3700|    33.321|0.00066254|
[ INFO : 2026-04-07 20:14:25,044 ] - |     TRAIN|        17|      3800|    33.325|0.00066221|
[ INFO : 2026-04-07 20:14:59,932 ] - |     TRAIN|        17|      3900|    33.327|0.00066189|
[ INFO : 2026-04-07 20:15:34,801 ] - |     TRAIN|        17|      4000|    33.329|0.00066156|
[ INFO : 2026-04-07 20:16:09,893 ] - |     TRAIN|        17|      4100|    33.327|0.00066124|
[ INFO : 2026-04-07 20:16:44,714 ] - |     TRAIN|        17|      4200|    33.324|0.00066091|
[ INFO : 2026-04-07 20:17:19,509 ] - |     TRAIN|        17|      4300|    33.322|0.00066059|
[ INFO : 2026-04-07 20:17:54,383 ] - |     TRAIN|        17|      4400|    33.321|0.00066026|
[ INFO : 2026-04-07 20:18:31,837 ] - |     TRAIN|        17|      4500|    33.315|0.00065994|
[ INFO : 2026-04-07 20:19:13,094 ] - |     TRAIN|        17|      4600|    33.318|0.00065961|
[ INFO : 2026-04-07 20:20:01,230 ] - |     TRAIN|        17|      4700|    33.317|0.00065929|
[ INFO : 2026-04-07 20:20:47,229 ] - |     TRAIN|        17|      4800|    33.315|0.00065897|
[ INFO : 2026-04-07 20:21:33,402 ] - |     TRAIN|        17|      4900|    33.309|0.00065864|
[ INFO : 2026-04-07 20:22:19,760 ] - |     TRAIN|        17|      5000|    33.305|0.00065832|
/share/workspace3/maduo/codebase/wesep_wenet/examples/visual/voxceleb2mix/wesep/utils/executor.py:187: FutureWarning: `torch.cuda.amp.autocast(args...)` is deprecated. Please use `torch.amp.autocast('cuda', args...)` instead.
  with torch.cuda.amp.autocast(enabled=enable_amp):
[ INFO : 2026-04-07 20:23:09,536 ] - |       VAL|        17|       100|    32.973|         -|
[ INFO : 2026-04-07 20:23:45,703 ] - |       VAL|        17|       200|    33.205|         -|
[ INFO : 2026-04-07 20:24:29,571 ] - |       VAL|        17|       300|    33.184|         -|
[ INFO : 2026-04-07 20:25:18,855 ] - |       VAL|        17|       400|    33.118|         -|
[ INFO : 2026-04-07 20:26:07,068 ] - |       VAL|        17|       500|    33.182|         -|
[ INFO : 2026-04-07 20:26:55,193 ] - |       VAL|        17|       600|    33.178|         -|
[ INFO : 2026-04-07 20:27:45,398 ] - |       VAL|        17|       700|    33.192|         -|
[ INFO : 2026-04-07 20:28:35,786 ] - |       VAL|        17|       800|    33.179|         -|
[ INFO : 2026-04-07 20:29:27,118 ] - |       VAL|        17|       900|    33.141|         -|
[ INFO : 2026-04-07 20:30:14,025 ] - |       VAL|        17|      1000|     33.13|         -|
[ INFO : 2026-04-07 20:31:00,578 ] - |       VAL|        17|      1100|    33.127|         -|
[ INFO : 2026-04-07 20:31:46,351 ] - |       VAL|        17|      1200|     33.14|         -|
[ INFO : 2026-04-07 20:32:10,581 ] - Epoch 17 Train info train_loss 33.30465189323425
[ INFO : 2026-04-07 20:32:10,581 ] - Epoch 17 Val info val_loss 33.14168846282959
[ INFO : 2026-04-07 20:33:42,581 ] - |     TRAIN|        18|       100|    33.331|0.00065799|
[ INFO : 2026-04-07 20:34:17,545 ] - |     TRAIN|        18|       200|    33.245|0.00065767|
[ INFO : 2026-04-07 20:34:52,451 ] - |     TRAIN|        18|       300|    33.219|0.00065735|
[ INFO : 2026-04-07 20:35:27,339 ] - |     TRAIN|        18|       400|    33.208|0.00065702|
[ INFO : 2026-04-07 20:36:05,612 ] - |     TRAIN|        18|       500|    33.239| 0.0006567|
[ INFO : 2026-04-07 20:36:47,337 ] - |     TRAIN|        18|       600|    33.231|0.00065638|
[ INFO : 2026-04-07 20:37:33,757 ] - |     TRAIN|        18|       700|     33.24|0.00065605|
[ INFO : 2026-04-07 20:38:22,806 ] - |     TRAIN|        18|       800|    33.235|0.00065573|
[ INFO : 2026-04-07 20:39:11,949 ] - |     TRAIN|        18|       900|    33.218|0.00065541|
[ INFO : 2026-04-07 20:39:59,712 ] - |     TRAIN|        18|      1000|    33.248|0.00065509|
[ INFO : 2026-04-07 20:40:46,895 ] - |     TRAIN|        18|      1100|    33.264|0.00065477|
[ INFO : 2026-04-07 20:41:42,004 ] - |     TRAIN|        18|      1200|    33.295|0.00065444|
[ INFO : 2026-04-07 20:45:18,834 ] - |     TRAIN|        18|      1300|    33.288|0.00065412|
[ INFO : 2026-04-07 20:46:11,429 ] - |     TRAIN|        18|      1400|    33.296| 0.0006538|
[ INFO : 2026-04-07 20:47:10,985 ] - |     TRAIN|        18|      1500|    33.276|0.00065348|
[ INFO : 2026-04-07 20:48:06,202 ] - |     TRAIN|        18|      1600|    33.292|0.00065316|
[ INFO : 2026-04-07 20:49:00,011 ] - |     TRAIN|        18|      1700|    33.301|0.00065284|
[ INFO : 2026-04-07 20:49:53,028 ] - |     TRAIN|        18|      1800|    33.296|0.00065251|
[ INFO : 2026-04-07 20:50:35,227 ] - |     TRAIN|        18|      1900|    33.292|0.00065219|
[ INFO : 2026-04-07 20:51:16,452 ] - |     TRAIN|        18|      2000|    33.301|0.00065187|
[ INFO : 2026-04-07 20:51:55,919 ] - |     TRAIN|        18|      2100|    33.313|0.00065155|
[ INFO : 2026-04-07 20:52:48,479 ] - |     TRAIN|        18|      2200|    33.313|0.00065123|
[ INFO : 2026-04-07 20:53:44,163 ] - |     TRAIN|        18|      2300|    33.315|0.00065091|
[ INFO : 2026-04-07 20:54:38,502 ] - |     TRAIN|        18|      2400|    33.317|0.00065059|
[ INFO : 2026-04-07 20:55:28,851 ] - |     TRAIN|        18|      2500|    33.299|0.00065027|
[ INFO : 2026-04-07 20:58:57,235 ] - |     TRAIN|        18|      2600|    33.294|0.00064995|
[ INFO : 2026-04-07 20:59:38,599 ] - |     TRAIN|        18|      2700|    33.285|0.00064963|
[ INFO : 2026-04-07 21:00:20,202 ] - |     TRAIN|        18|      2800|    33.283|0.00064931|
[ INFO : 2026-04-07 21:01:01,697 ] - |     TRAIN|        18|      2900|    33.284|0.00064899|
[ INFO : 2026-04-07 21:01:39,530 ] - |     TRAIN|        18|      3000|    33.274|0.00064867|
[ INFO : 2026-04-07 21:02:17,745 ] - |     TRAIN|        18|      3100|    33.274|0.00064836|
[ INFO : 2026-04-07 21:02:56,570 ] - |     TRAIN|        18|      3200|    33.274|0.00064804|
[ INFO : 2026-04-07 21:03:35,435 ] - |     TRAIN|        18|      3300|    33.269|0.00064772|
[ INFO : 2026-04-07 21:04:22,817 ] - |     TRAIN|        18|      3400|    33.263| 0.0006474|
[ INFO : 2026-04-07 21:05:16,123 ] - |     TRAIN|        18|      3500|    33.265|0.00064708|
[ INFO : 2026-04-07 21:06:07,006 ] - |     TRAIN|        18|      3600|    33.252|0.00064676|
[ INFO : 2026-04-07 21:06:58,904 ] - |     TRAIN|        18|      3700|    33.251|0.00064645|
[ INFO : 2026-04-07 21:10:29,203 ] - |     TRAIN|        18|      3800|     33.25|0.00064613|
[ INFO : 2026-04-07 21:11:07,329 ] - |     TRAIN|        18|      3900|     33.25|0.00064581|
[ INFO : 2026-04-07 21:11:45,595 ] - |     TRAIN|        18|      4000|    33.249|0.00064549|
[ INFO : 2026-04-07 21:12:24,475 ] - |     TRAIN|        18|      4100|    33.251|0.00064517|
[ INFO : 2026-04-07 21:13:02,825 ] - |     TRAIN|        18|      4200|    33.262|0.00064486|
[ INFO : 2026-04-07 21:13:40,876 ] - |     TRAIN|        18|      4300|    33.264|0.00064454|
[ INFO : 2026-04-07 21:14:20,131 ] - |     TRAIN|        18|      4400|    33.275|0.00064422|
[ INFO : 2026-04-07 21:14:58,481 ] - |     TRAIN|        18|      4500|     33.28|0.00064391|
[ INFO : 2026-04-07 21:15:43,275 ] - |     TRAIN|        18|      4600|    33.279|0.00064359|
[ INFO : 2026-04-07 21:16:36,278 ] - |     TRAIN|        18|      4700|     33.28|0.00064327|
[ INFO : 2026-04-07 21:17:29,190 ] - |     TRAIN|        18|      4800|    33.279|0.00064296|
[ INFO : 2026-04-07 21:18:19,299 ] - |     TRAIN|        18|      4900|    33.282|0.00064264|
[ INFO : 2026-04-07 21:19:13,992 ] - |     TRAIN|        18|      5000|    33.288|0.00064233|
/share/workspace3/maduo/codebase/wesep_wenet/examples/visual/voxceleb2mix/wesep/utils/executor.py:187: FutureWarning: `torch.cuda.amp.autocast(args...)` is deprecated. Please use `torch.amp.autocast('cuda', args...)` instead.
  with torch.cuda.amp.autocast(enabled=enable_amp):
[ INFO : 2026-04-07 21:20:27,800 ] - |       VAL|        18|       100|    33.372|         -|
[ INFO : 2026-04-07 21:21:20,435 ] - |       VAL|        18|       200|     33.34|         -|
[ INFO : 2026-04-07 21:22:14,354 ] - |       VAL|        18|       300|    33.229|         -|
[ INFO : 2026-04-07 21:23:10,147 ] - |       VAL|        18|       400|    33.149|         -|
[ INFO : 2026-04-07 21:24:05,034 ] - |       VAL|        18|       500|    33.157|         -|
[ INFO : 2026-04-07 21:24:58,715 ] - |       VAL|        18|       600|    33.205|         -|
[ INFO : 2026-04-07 21:25:50,711 ] - |       VAL|        18|       700|    33.217|         -|
[ INFO : 2026-04-07 21:26:43,655 ] - |       VAL|        18|       800|    33.265|         -|
[ INFO : 2026-04-07 21:27:33,722 ] - |       VAL|        18|       900|    33.275|         -|
[ INFO : 2026-04-07 21:28:24,265 ] - |       VAL|        18|      1000|     33.26|         -|
[ INFO : 2026-04-07 21:29:18,810 ] - |       VAL|        18|      1100|    33.275|         -|
[ INFO : 2026-04-07 21:30:12,231 ] - |       VAL|        18|      1200|    33.281|         -|
[ INFO : 2026-04-07 21:30:39,754 ] - Epoch 18 Train info train_loss 33.28756590461731
[ INFO : 2026-04-07 21:30:39,754 ] - Epoch 18 Val info val_loss 33.285149365234375
[ INFO : 2026-04-07 21:32:30,261 ] - |     TRAIN|        19|       100|    33.142|0.00064201|
[ INFO : 2026-04-07 21:33:05,405 ] - |     TRAIN|        19|       200|    33.273|0.00064169|
[ INFO : 2026-04-07 21:33:40,345 ] - |     TRAIN|        19|       300|    33.264|0.00064138|
[ INFO : 2026-04-07 21:34:15,334 ] - |     TRAIN|        19|       400|    33.281|0.00064106|
[ INFO : 2026-04-07 21:34:52,797 ] - |     TRAIN|        19|       500|    33.273|0.00064075|
[ INFO : 2026-04-07 21:35:35,223 ] - |     TRAIN|        19|       600|    33.344|0.00064043|
[ INFO : 2026-04-07 21:36:16,677 ] - |     TRAIN|        19|       700|    33.343|0.00064012|
[ INFO : 2026-04-07 21:37:05,167 ] - |     TRAIN|        19|       800|    33.359| 0.0006398|
[ INFO : 2026-04-07 21:37:53,417 ] - |     TRAIN|        19|       900|    33.381|0.00063949|
[ INFO : 2026-04-07 21:38:40,629 ] - |     TRAIN|        19|      1000|    33.366|0.00063917|
[ INFO : 2026-04-07 21:39:27,482 ] - |     TRAIN|        19|      1100|    33.348|0.00063886|
[ INFO : 2026-04-07 21:40:15,004 ] - |     TRAIN|        19|      1200|    33.318|0.00063855|
[ INFO : 2026-04-07 21:42:21,672 ] - |     TRAIN|        19|      1300|    33.289|0.00063823|
[ INFO : 2026-04-07 21:42:56,800 ] - |     TRAIN|        19|      1400|    33.281|0.00063792|
[ INFO : 2026-04-07 21:43:32,216 ] - |     TRAIN|        19|      1500|    33.274| 0.0006376|
[ INFO : 2026-04-07 21:44:16,403 ] - |     TRAIN|        19|      1600|    33.257|0.00063729|
[ INFO : 2026-04-07 21:44:51,623 ] - |     TRAIN|        19|      1700|    33.259|0.00063698|
[ INFO : 2026-04-07 21:45:27,315 ] - |     TRAIN|        19|      1800|    33.254|0.00063666|
[ INFO : 2026-04-07 21:46:02,204 ] - |     TRAIN|        19|      1900|    33.238|0.00063635|
[ INFO : 2026-04-07 21:46:38,102 ] - |     TRAIN|        19|      2000|     33.22|0.00063604|
[ INFO : 2026-04-07 21:47:18,887 ] - |     TRAIN|        19|      2100|    33.211|0.00063572|
[ INFO : 2026-04-07 21:48:02,052 ] - |     TRAIN|        19|      2200|    33.201|0.00063541|
[ INFO : 2026-04-07 21:48:48,266 ] - |     TRAIN|        19|      2300|     33.21| 0.0006351|
[ INFO : 2026-04-07 21:49:33,624 ] - |     TRAIN|        19|      2400|    33.197|0.00063479|
[ INFO : 2026-04-07 21:50:18,892 ] - |     TRAIN|        19|      2500|    33.199|0.00063448|
[ INFO : 2026-04-07 21:52:21,049 ] - |     TRAIN|        19|      2600|    33.205|0.00063416|
[ INFO : 2026-04-07 21:52:56,086 ] - |     TRAIN|        19|      2700|    33.212|0.00063385|
[ INFO : 2026-04-07 21:53:30,998 ] - |     TRAIN|        19|      2800|    33.212|0.00063354|
[ INFO : 2026-04-07 21:54:13,022 ] - |     TRAIN|        19|      2900|    33.213|0.00063323|
[ INFO : 2026-04-07 21:54:49,683 ] - |     TRAIN|        19|      3000|    33.208|0.00063292|
[ INFO : 2026-04-07 21:55:24,530 ] - |     TRAIN|        19|      3100|    33.208|0.00063261|
[ INFO : 2026-04-07 21:55:59,481 ] - |     TRAIN|        19|      3200|    33.214|0.00063229|
[ INFO : 2026-04-07 21:56:37,947 ] - |     TRAIN|        19|      3300|    33.225|0.00063198|
[ INFO : 2026-04-07 21:57:20,585 ] - |     TRAIN|        19|      3400|    33.226|0.00063167|
[ INFO : 2026-04-07 21:58:06,902 ] - |     TRAIN|        19|      3500|    33.222|0.00063136|
[ INFO : 2026-04-07 21:58:52,086 ] - |     TRAIN|        19|      3600|    33.225|0.00063105|
[ INFO : 2026-04-07 21:59:37,416 ] - |     TRAIN|        19|      3700|    33.229|0.00063074|
[ INFO : 2026-04-07 22:01:53,505 ] - |     TRAIN|        19|      3800|    33.232|0.00063043|
[ INFO : 2026-04-07 22:02:28,290 ] - |     TRAIN|        19|      3900|    33.234|0.00063012|
[ INFO : 2026-04-07 22:03:03,204 ] - |     TRAIN|        19|      4000|    33.231|0.00062981|
[ INFO : 2026-04-07 22:03:38,102 ] - |     TRAIN|        19|      4100|    33.227| 0.0006295|
[ INFO : 2026-04-07 22:04:13,087 ] - |     TRAIN|        19|      4200|    33.225|0.00062919|
[ INFO : 2026-04-07 22:04:47,931 ] - |     TRAIN|        19|      4300|    33.216|0.00062888|
[ INFO : 2026-04-07 22:05:25,793 ] - |     TRAIN|        19|      4400|    33.218|0.00062857|
[ INFO : 2026-04-07 22:06:05,459 ] - |     TRAIN|        19|      4500|    33.217|0.00062826|
[ INFO : 2026-04-07 22:06:45,458 ] - |     TRAIN|        19|      4600|    33.216|0.00062796|
[ INFO : 2026-04-07 22:07:31,808 ] - |     TRAIN|        19|      4700|    33.215|0.00062765|
[ INFO : 2026-04-07 22:08:18,042 ] - |     TRAIN|        19|      4800|    33.214|0.00062734|
[ INFO : 2026-04-07 22:09:03,507 ] - |     TRAIN|        19|      4900|    33.216|0.00062703|
[ INFO : 2026-04-07 22:09:49,820 ] - |     TRAIN|        19|      5000|    33.218|0.00062672|
/share/workspace3/maduo/codebase/wesep_wenet/examples/visual/voxceleb2mix/wesep/utils/executor.py:187: FutureWarning: `torch.cuda.amp.autocast(args...)` is deprecated. Please use `torch.amp.autocast('cuda', args...)` instead.
  with torch.cuda.amp.autocast(enabled=enable_amp):
[ INFO : 2026-04-07 22:10:32,640 ] - |       VAL|        19|       100|    33.189|         -|
[ INFO : 2026-04-07 22:11:04,144 ] - |       VAL|        19|       200|    33.142|         -|
[ INFO : 2026-04-07 22:11:35,563 ] - |       VAL|        19|       300|    33.201|         -|
[ INFO : 2026-04-07 22:12:06,866 ] - |       VAL|        19|       400|    33.188|         -|
[ INFO : 2026-04-07 22:12:38,513 ] - |       VAL|        19|       500|    33.187|         -|
[ INFO : 2026-04-07 22:13:09,972 ] - |       VAL|        19|       600|    33.223|         -|
[ INFO : 2026-04-07 22:13:41,282 ] - |       VAL|        19|       700|    33.204|         -|
[ INFO : 2026-04-07 22:14:12,438 ] - |       VAL|        19|       800|    33.197|         -|
[ INFO : 2026-04-07 22:14:44,004 ] - |       VAL|        19|       900|    33.176|         -|
[ INFO : 2026-04-07 22:15:15,029 ] - |       VAL|        19|      1000|    33.175|         -|
[ INFO : 2026-04-07 22:15:47,242 ] - |       VAL|        19|      1100|    33.168|         -|
[ INFO : 2026-04-07 22:16:19,018 ] - |       VAL|        19|      1200|    33.192|         -|
[ INFO : 2026-04-07 22:16:34,733 ] - Epoch 19 Train info train_loss 33.21823805427551
[ INFO : 2026-04-07 22:16:34,733 ] - Epoch 19 Val info val_loss 33.18390017089844
[ INFO : 2026-04-07 22:18:17,503 ] - |     TRAIN|        20|       100|     33.17|0.00062641|
[ INFO : 2026-04-07 22:18:52,356 ] - |     TRAIN|        20|       200|    33.276|0.00062611|
[ INFO : 2026-04-07 22:19:27,141 ] - |     TRAIN|        20|       300|    33.241| 0.0006258|
[ INFO : 2026-04-07 22:20:01,924 ] - |     TRAIN|        20|       400|    33.207|0.00062549|
[ INFO : 2026-04-07 22:20:39,886 ] - |     TRAIN|        20|       500|    33.255|0.00062518|
[ INFO : 2026-04-07 22:21:20,935 ] - |     TRAIN|        20|       600|    33.293|0.00062487|
[ INFO : 2026-04-07 22:22:05,222 ] - |     TRAIN|        20|       700|    33.292|0.00062457|
[ INFO : 2026-04-07 22:22:52,236 ] - |     TRAIN|        20|       800|    33.273|0.00062426|
[ INFO : 2026-04-07 22:23:38,646 ] - |     TRAIN|        20|       900|    33.268|0.00062395|
[ INFO : 2026-04-07 22:24:24,646 ] - |     TRAIN|        20|      1000|    33.279|0.00062365|
[ INFO : 2026-04-07 22:25:10,414 ] - |     TRAIN|        20|      1100|    33.262|0.00062334|
[ INFO : 2026-04-07 22:25:57,101 ] - |     TRAIN|        20|      1200|    33.247|0.00062303|
[ INFO : 2026-04-07 22:27:41,911 ] - |     TRAIN|        20|      1300|    33.251|0.00062273|
[ INFO : 2026-04-07 22:28:19,565 ] - |     TRAIN|        20|      1400|    33.244|0.00062242|
[ INFO : 2026-04-07 22:28:54,323 ] - |     TRAIN|        20|      1500|    33.241|0.00062211|
[ INFO : 2026-04-07 22:29:29,401 ] - |     TRAIN|        20|      1600|    33.245|0.00062181|
[ INFO : 2026-04-07 22:30:04,219 ] - |     TRAIN|        20|      1700|    33.238| 0.0006215|
[ INFO : 2026-04-07 22:30:39,029 ] - |     TRAIN|        20|      1800|    33.234| 0.0006212|
[ INFO : 2026-04-07 22:31:15,070 ] - |     TRAIN|        20|      1900|    33.236|0.00062089|
[ INFO : 2026-04-07 22:31:54,138 ] - |     TRAIN|        20|      2000|    33.242|0.00062059|
[ INFO : 2026-04-07 22:32:33,201 ] - |     TRAIN|        20|      2100|    33.247|0.00062028|
[ INFO : 2026-04-07 22:33:17,802 ] - |     TRAIN|        20|      2200|    33.266|0.00061998|
[ INFO : 2026-04-07 22:34:03,407 ] - |     TRAIN|        20|      2300|     33.27|0.00061967|
[ INFO : 2026-04-07 22:34:47,723 ] - |     TRAIN|        20|      2400|    33.289|0.00061937|
[ INFO : 2026-04-07 22:35:32,173 ] - |     TRAIN|        20|      2500|    33.299|0.00061906|
[ INFO : 2026-04-07 22:37:10,982 ] - |     TRAIN|        20|      2600|    33.311|0.00061876|
[ INFO : 2026-04-07 22:37:45,774 ] - |     TRAIN|        20|      2700|     33.31|0.00061845|
[ INFO : 2026-04-07 22:38:20,624 ] - |     TRAIN|        20|      2800|    33.315|0.00061815|
[ INFO : 2026-04-07 22:38:55,514 ] - |     TRAIN|        20|      2900|    33.309|0.00061785|
[ INFO : 2026-04-07 22:39:30,379 ] - |     TRAIN|        20|      3000|    33.306|0.00061754|
[ INFO : 2026-04-07 22:40:05,115 ] - |     TRAIN|        20|      3100|    33.307|0.00061724|
[ INFO : 2026-04-07 22:40:43,180 ] - |     TRAIN|        20|      3200|      33.3|0.00061693|
[ INFO : 2026-04-07 22:41:22,085 ] - |     TRAIN|        20|      3300|      33.3|0.00061663|
[ INFO : 2026-04-07 22:42:02,996 ] - |     TRAIN|        20|      3400|    33.302|0.00061633|
[ INFO : 2026-04-07 22:42:48,548 ] - |     TRAIN|        20|      3500|    33.301|0.00061602|
[ INFO : 2026-04-07 22:43:33,365 ] - |     TRAIN|        20|      3600|    33.302|0.00061572|
[ INFO : 2026-04-07 22:44:19,400 ] - |     TRAIN|        20|      3700|    33.307|0.00061542|
[ INFO : 2026-04-07 22:46:32,780 ] - |     TRAIN|        20|      3800|    33.301|0.00061512|
[ INFO : 2026-04-07 22:47:07,634 ] - |     TRAIN|        20|      3900|    33.307|0.00061481|
[ INFO : 2026-04-07 22:47:42,705 ] - |     TRAIN|        20|      4000|    33.315|0.00061451|
[ INFO : 2026-04-07 22:48:17,512 ] - |     TRAIN|        20|      4100|    33.328|0.00061421|
[ INFO : 2026-04-07 22:48:52,417 ] - |     TRAIN|        20|      4200|    33.326|0.00061391|
[ INFO : 2026-04-07 22:49:27,261 ] - |     TRAIN|        20|      4300|    33.328|0.00061361|
[ INFO : 2026-04-07 22:50:04,202 ] - |     TRAIN|        20|      4400|     33.34| 0.0006133|
[ INFO : 2026-04-07 22:50:43,302 ] - |     TRAIN|        20|      4500|    33.345|  0.000613|
[ INFO : 2026-04-07 22:51:22,558 ] - |     TRAIN|        20|      4600|    33.345| 0.0006127|
[ INFO : 2026-04-07 22:52:07,976 ] - |     TRAIN|        20|      4700|    33.344| 0.0006124|
[ INFO : 2026-04-07 22:52:53,384 ] - |     TRAIN|        20|      4800|    33.338| 0.0006121|
[ INFO : 2026-04-07 22:53:38,862 ] - |     TRAIN|        20|      4900|    33.339| 0.0006118|
[ INFO : 2026-04-07 22:54:24,323 ] - |     TRAIN|        20|      5000|    33.335| 0.0006115|
/share/workspace3/maduo/codebase/wesep_wenet/examples/visual/voxceleb2mix/wesep/utils/executor.py:187: FutureWarning: `torch.cuda.amp.autocast(args...)` is deprecated. Please use `torch.amp.autocast('cuda', args...)` instead.
  with torch.cuda.amp.autocast(enabled=enable_amp):
[ INFO : 2026-04-07 22:55:06,853 ] - |       VAL|        20|       100|    33.043|         -|
[ INFO : 2026-04-07 22:55:38,287 ] - |       VAL|        20|       200|    33.106|         -|
[ INFO : 2026-04-07 22:56:09,118 ] - |       VAL|        20|       300|    33.187|         -|
[ INFO : 2026-04-07 22:56:39,606 ] - |       VAL|        20|       400|    33.167|         -|
[ INFO : 2026-04-07 22:57:10,959 ] - |       VAL|        20|       500|    33.148|         -|
[ INFO : 2026-04-07 22:57:42,018 ] - |       VAL|        20|       600|     33.12|         -|
[ INFO : 2026-04-07 22:58:13,151 ] - |       VAL|        20|       700|    33.096|         -|
[ INFO : 2026-04-07 22:58:43,994 ] - |       VAL|        20|       800|    33.103|         -|
[ INFO : 2026-04-07 22:59:15,483 ] - |       VAL|        20|       900|    33.087|         -|
[ INFO : 2026-04-07 22:59:46,531 ] - |       VAL|        20|      1000|    33.057|         -|
[ INFO : 2026-04-07 23:00:17,042 ] - |       VAL|        20|      1100|     33.06|         -|
[ INFO : 2026-04-07 23:00:48,222 ] - |       VAL|        20|      1200|    33.078|         -|
[ INFO : 2026-04-07 23:01:04,160 ] - Epoch 20 Train info train_loss 33.33485973930359
[ INFO : 2026-04-07 23:01:04,161 ] - Epoch 20 Val info val_loss 33.07885383605957
[ INFO : 2026-04-07 23:03:32,535 ] - |     TRAIN|        21|       100|    33.303| 0.0006112|
[ INFO : 2026-04-07 23:04:07,428 ] - |     TRAIN|        21|       200|    33.205| 0.0006109|
[ INFO : 2026-04-07 23:04:42,265 ] - |     TRAIN|        21|       300|    33.184| 0.0006106|
[ INFO : 2026-04-07 23:05:17,065 ] - |     TRAIN|        21|       400|     33.14|0.00061029|
[ INFO : 2026-04-07 23:05:52,215 ] - |     TRAIN|        21|       500|    33.173|0.00060999|
[ INFO : 2026-04-07 23:06:32,981 ] - |     TRAIN|        21|       600|    33.151|0.00060969|
[ INFO : 2026-04-07 23:07:13,450 ] - |     TRAIN|        21|       700|    33.155|0.00060939|
[ INFO : 2026-04-07 23:07:58,669 ] - |     TRAIN|        21|       800|    33.178| 0.0006091|
[ INFO : 2026-04-07 23:08:45,644 ] - |     TRAIN|        21|       900|    33.182| 0.0006088|
[ INFO : 2026-04-07 23:09:31,882 ] - |     TRAIN|        21|      1000|    33.182| 0.0006085|
[ INFO : 2026-04-07 23:10:17,640 ] - |     TRAIN|        21|      1100|    33.201| 0.0006082|
[ INFO : 2026-04-07 23:11:03,879 ] - |     TRAIN|        21|      1200|    33.189| 0.0006079|
[ INFO : 2026-04-07 23:13:05,148 ] - |     TRAIN|        21|      1300|    33.157| 0.0006076|
[ INFO : 2026-04-07 23:13:40,140 ] - |     TRAIN|        21|      1400|    33.139| 0.0006073|
[ INFO : 2026-04-07 23:14:15,011 ] - |     TRAIN|        21|      1500|    33.145|  0.000607|
[ INFO : 2026-04-07 23:14:51,768 ] - |     TRAIN|        21|      1600|    33.137| 0.0006067|
[ INFO : 2026-04-07 23:15:32,842 ] - |     TRAIN|        21|      1700|    33.133|0.00060641|
[ INFO : 2026-04-07 23:16:07,497 ] - |     TRAIN|        21|      1800|    33.136|0.00060611|
[ INFO : 2026-04-07 23:16:42,055 ] - |     TRAIN|        21|      1900|    33.149|0.00060581|
[ INFO : 2026-04-07 23:17:18,209 ] - |     TRAIN|        21|      2000|    33.136|0.00060551|
[ INFO : 2026-04-07 23:17:58,074 ] - |     TRAIN|        21|      2100|    33.143|0.00060521|
[ INFO : 2026-04-07 23:18:39,296 ] - |     TRAIN|        21|      2200|    33.144|0.00060492|
[ INFO : 2026-04-07 23:19:25,844 ] - |     TRAIN|        21|      2300|    33.144|0.00060462|
[ INFO : 2026-04-07 23:20:11,615 ] - |     TRAIN|        21|      2400|    33.142|0.00060432|
[ INFO : 2026-04-07 23:20:56,694 ] - |     TRAIN|        21|      2500|    33.131|0.00060402|
[ INFO : 2026-04-07 23:22:54,940 ] - |     TRAIN|        21|      2600|    33.112|0.00060373|
[ INFO : 2026-04-07 23:23:29,356 ] - |     TRAIN|        21|      2700|     33.11|0.00060343|
[ INFO : 2026-04-07 23:24:03,798 ] - |     TRAIN|        21|      2800|    33.109|0.00060313|
[ INFO : 2026-04-07 23:24:43,203 ] - |     TRAIN|        21|      2900|    33.104|0.00060284|
[ INFO : 2026-04-07 23:25:18,786 ] - |     TRAIN|        21|      3000|    33.114|0.00060254|
[ INFO : 2026-04-07 23:25:53,293 ] - |     TRAIN|        21|      3100|    33.118|0.00060224|
[ INFO : 2026-04-07 23:26:27,793 ] - |     TRAIN|        21|      3200|    33.124|0.00060195|
[ INFO : 2026-04-07 23:27:06,505 ] - |     TRAIN|        21|      3300|    33.127|0.00060165|
[ INFO : 2026-04-07 23:27:48,474 ] - |     TRAIN|        21|      3400|     33.14|0.00060136|
[ INFO : 2026-04-07 23:28:34,595 ] - |     TRAIN|        21|      3500|    33.148|0.00060106|
[ INFO : 2026-04-07 23:29:20,183 ] - |     TRAIN|        21|      3600|    33.153|0.00060076|
[ INFO : 2026-04-07 23:30:05,548 ] - |     TRAIN|        21|      3700|    33.153|0.00060047|
[ INFO : 2026-04-07 23:32:03,716 ] - |     TRAIN|        21|      3800|    33.156|0.00060017|
[ INFO : 2026-04-07 23:32:38,279 ] - |     TRAIN|        21|      3900|    33.157|0.00059988|
[ INFO : 2026-04-07 23:33:12,762 ] - |     TRAIN|        21|      4000|    33.159|0.00059958|
[ INFO : 2026-04-07 23:33:47,303 ] - |     TRAIN|        21|      4100|    33.161|0.00059929|
[ INFO : 2026-04-07 23:34:21,795 ] - |     TRAIN|        21|      4200|    33.164|0.00059899|
[ INFO : 2026-04-07 23:34:56,262 ] - |     TRAIN|        21|      4300|     33.16| 0.0005987|
[ INFO : 2026-04-07 23:35:30,749 ] - |     TRAIN|        21|      4400|    33.158|0.00059841|
[ INFO : 2026-04-07 23:36:06,601 ] - |     TRAIN|        21|      4500|    33.157|0.00059811|
[ INFO : 2026-04-07 23:36:45,952 ] - |     TRAIN|        21|      4600|    33.161|0.00059782|
[ INFO : 2026-04-07 23:37:31,332 ] - |     TRAIN|        21|      4700|    33.155|0.00059752|
[ INFO : 2026-04-07 23:38:17,184 ] - |     TRAIN|        21|      4800|    33.158|0.00059723|
[ INFO : 2026-04-07 23:39:01,916 ] - |     TRAIN|        21|      4900|    33.156|0.00059694|
[ INFO : 2026-04-07 23:39:47,159 ] - |     TRAIN|        21|      5000|    33.156|0.00059664|
/share/workspace3/maduo/codebase/wesep_wenet/examples/visual/voxceleb2mix/wesep/utils/executor.py:187: FutureWarning: `torch.cuda.amp.autocast(args...)` is deprecated. Please use `torch.amp.autocast('cuda', args...)` instead.
  with torch.cuda.amp.autocast(enabled=enable_amp):
[ INFO : 2026-04-07 23:40:39,272 ] - |       VAL|        21|       100|    33.087|         -|
[ INFO : 2026-04-07 23:41:11,248 ] - |       VAL|        21|       200|    33.112|         -|
[ INFO : 2026-04-07 23:41:42,242 ] - |       VAL|        21|       300|    33.061|         -|
[ INFO : 2026-04-07 23:42:12,993 ] - |       VAL|        21|       400|    33.012|         -|
[ INFO : 2026-04-07 23:42:44,533 ] - |       VAL|        21|       500|    33.072|         -|
[ INFO : 2026-04-07 23:43:15,969 ] - |       VAL|        21|       600|    33.091|         -|
[ INFO : 2026-04-07 23:43:46,794 ] - |       VAL|        21|       700|    33.096|         -|
[ INFO : 2026-04-07 23:44:17,942 ] - |       VAL|        21|       800|    33.103|         -|
[ INFO : 2026-04-07 23:44:48,648 ] - |       VAL|        21|       900|    33.127|         -|
[ INFO : 2026-04-07 23:45:19,639 ] - |       VAL|        21|      1000|    33.115|         -|
[ INFO : 2026-04-07 23:45:51,098 ] - |       VAL|        21|      1100|    33.115|         -|
[ INFO : 2026-04-07 23:46:29,666 ] - |       VAL|        21|      1200|    33.138|         -|
[ INFO : 2026-04-07 23:46:54,834 ] - Epoch 21 Train info train_loss 33.156363959121705
[ INFO : 2026-04-07 23:46:54,835 ] - Epoch 21 Val info val_loss 33.14051891784668
[ INFO : 2026-04-07 23:48:14,992 ] - |     TRAIN|        22|       100|     33.13|0.00059635|
[ INFO : 2026-04-07 23:48:49,864 ] - |     TRAIN|        22|       200|    33.143|0.00059606|
[ INFO : 2026-04-07 23:49:25,215 ] - |     TRAIN|        22|       300|    33.057|0.00059576|
[ INFO : 2026-04-07 23:49:59,989 ] - |     TRAIN|        22|       400|    33.145|0.00059547|
[ INFO : 2026-04-07 23:50:37,823 ] - |     TRAIN|        22|       500|    33.207|0.00059518|
[ INFO : 2026-04-07 23:51:18,389 ] - |     TRAIN|        22|       600|    33.245|0.00059488|
[ INFO : 2026-04-07 23:52:03,148 ] - |     TRAIN|        22|       700|     33.23|0.00059459|
[ INFO : 2026-04-07 23:52:49,998 ] - |     TRAIN|        22|       800|    33.227| 0.0005943|
[ INFO : 2026-04-07 23:53:36,375 ] - |     TRAIN|        22|       900|    33.218|0.00059401|
[ INFO : 2026-04-07 23:54:22,787 ] - |     TRAIN|        22|      1000|      33.2|0.00059371|
[ INFO : 2026-04-07 23:55:08,770 ] - |     TRAIN|        22|      1100|    33.205|0.00059342|
[ INFO : 2026-04-07 23:55:54,645 ] - |     TRAIN|        22|      1200|    33.223|0.00059313|
[ INFO : 2026-04-07 23:59:05,433 ] - |     TRAIN|        22|      1300|    33.239|0.00059284|
[ INFO : 2026-04-07 23:59:41,276 ] - |     TRAIN|        22|      1400|    33.253|0.00059255|
[ INFO : 2026-04-08 00:00:17,932 ] - |     TRAIN|        22|      1500|    33.244|0.00059226|
[ INFO : 2026-04-08 00:01:07,766 ] - |     TRAIN|        22|      1600|    33.245|0.00059196|
[ INFO : 2026-04-08 00:01:52,072 ] - |     TRAIN|        22|      1700|    33.231|0.00059167|
[ INFO : 2026-04-08 00:02:27,799 ] - |     TRAIN|        22|      1800|    33.223|0.00059138|
[ INFO : 2026-04-08 00:03:04,266 ] - |     TRAIN|        22|      1900|    33.232|0.00059109|
[ INFO : 2026-04-08 00:03:40,604 ] - |     TRAIN|        22|      2000|    33.241| 0.0005908|
[ INFO : 2026-04-08 00:04:16,384 ] - |     TRAIN|        22|      2100|    33.234|0.00059051|
[ INFO : 2026-04-08 00:04:59,187 ] - |     TRAIN|        22|      2200|    33.225|0.00059022|
[ INFO : 2026-04-08 00:05:46,301 ] - |     TRAIN|        22|      2300|    33.228|0.00058993|
[ INFO : 2026-04-08 00:06:36,552 ] - |     TRAIN|        22|      2400|    33.235|0.00058964|
[ INFO : 2026-04-08 00:07:24,929 ] - |     TRAIN|        22|      2500|    33.235|0.00058935|
[ INFO : 2026-04-08 00:10:51,348 ] - |     TRAIN|        22|      2600|    33.241|0.00058906|
[ INFO : 2026-04-08 00:11:26,475 ] - |     TRAIN|        22|      2700|    33.251|0.00058877|
[ INFO : 2026-04-08 00:12:02,875 ] - |     TRAIN|        22|      2800|    33.248|0.00058848|
[ INFO : 2026-04-08 00:12:45,038 ] - |     TRAIN|        22|      2900|    33.249|0.00058819|
[ INFO : 2026-04-08 00:13:20,648 ] - |     TRAIN|        22|      3000|    33.248| 0.0005879|
[ INFO : 2026-04-08 00:13:55,626 ] - |     TRAIN|        22|      3100|    33.245|0.00058761|
[ INFO : 2026-04-08 00:14:31,302 ] - |     TRAIN|        22|      3200|    33.245|0.00058732|
[ INFO : 2026-04-08 00:15:08,698 ] - |     TRAIN|        22|      3300|    33.247|0.00058704|
[ INFO : 2026-04-08 00:15:51,693 ] - |     TRAIN|        22|      3400|    33.249|0.00058675|
[ INFO : 2026-04-08 00:16:40,100 ] - |     TRAIN|        22|      3500|     33.25|0.00058646|
[ INFO : 2026-04-08 00:17:28,209 ] - |     TRAIN|        22|      3600|    33.248|0.00058617|
[ INFO : 2026-04-08 00:18:16,029 ] - |     TRAIN|        22|      3700|    33.249|0.00058588|
[ INFO : 2026-04-08 00:21:39,456 ] - |     TRAIN|        22|      3800|    33.251|0.00058559|
[ INFO : 2026-04-08 00:22:15,160 ] - |     TRAIN|        22|      3900|     33.25|0.00058531|
[ INFO : 2026-04-08 00:22:50,584 ] - |     TRAIN|        22|      4000|    33.254|0.00058502|
[ INFO : 2026-04-08 00:23:25,145 ] - |     TRAIN|        22|      4100|    33.251|0.00058473|
[ INFO : 2026-04-08 00:23:59,373 ] - |     TRAIN|        22|      4200|    33.252|0.00058444|
[ INFO : 2026-04-08 00:24:34,081 ] - |     TRAIN|        22|      4300|    33.247|0.00058416|
[ INFO : 2026-04-08 00:25:08,930 ] - |     TRAIN|        22|      4400|    33.244|0.00058387|
[ INFO : 2026-04-08 00:25:44,438 ] - |     TRAIN|        22|      4500|    33.249|0.00058358|
[ INFO : 2026-04-08 00:26:26,520 ] - |     TRAIN|        22|      4600|     33.25|0.00058329|
[ INFO : 2026-04-08 00:27:13,505 ] - |     TRAIN|        22|      4700|    33.245|0.00058301|
[ INFO : 2026-04-08 00:28:02,306 ] - |     TRAIN|        22|      4800|    33.237|0.00058272|
[ INFO : 2026-04-08 00:28:49,368 ] - |     TRAIN|        22|      4900|    33.235|0.00058243|
[ INFO : 2026-04-08 00:29:36,402 ] - |     TRAIN|        22|      5000|    33.234|0.00058215|
/share/workspace3/maduo/codebase/wesep_wenet/examples/visual/voxceleb2mix/wesep/utils/executor.py:187: FutureWarning: `torch.cuda.amp.autocast(args...)` is deprecated. Please use `torch.amp.autocast('cuda', args...)` instead.
  with torch.cuda.amp.autocast(enabled=enable_amp):
[ INFO : 2026-04-08 00:30:43,077 ] - |       VAL|        22|       100|    33.182|         -|
[ INFO : 2026-04-08 00:31:38,565 ] - |       VAL|        22|       200|    33.048|         -|
[ INFO : 2026-04-08 00:32:33,796 ] - |       VAL|        22|       300|    33.032|         -|
[ INFO : 2026-04-08 00:33:30,016 ] - |       VAL|        22|       400|    33.061|         -|
[ INFO : 2026-04-08 00:34:25,621 ] - |       VAL|        22|       500|    33.039|         -|
[ INFO : 2026-04-08 00:35:19,886 ] - |       VAL|        22|       600|    33.016|         -|
[ INFO : 2026-04-08 00:36:14,786 ] - |       VAL|        22|       700|    33.044|         -|
[ INFO : 2026-04-08 00:37:08,619 ] - |       VAL|        22|       800|    33.084|         -|
[ INFO : 2026-04-08 00:38:03,414 ] - |       VAL|        22|       900|     33.07|         -|
[ INFO : 2026-04-08 00:38:56,001 ] - |       VAL|        22|      1000|    33.077|         -|
[ INFO : 2026-04-08 00:39:50,216 ] - |       VAL|        22|      1100|    33.074|         -|
[ INFO : 2026-04-08 00:40:40,899 ] - |       VAL|        22|      1200|    33.088|         -|
[ INFO : 2026-04-08 00:41:04,147 ] - Epoch 22 Train info train_loss 33.23436269493103
[ INFO : 2026-04-08 00:41:04,147 ] - Epoch 22 Val info val_loss 33.098344181823734
[ INFO : 2026-04-08 00:42:40,408 ] - |     TRAIN|        23|       100|    33.361|0.00058186|
[ INFO : 2026-04-08 00:43:15,412 ] - |     TRAIN|        23|       200|    33.269|0.00058158|
[ INFO : 2026-04-08 00:43:50,306 ] - |     TRAIN|        23|       300|     33.14|0.00058129|
[ INFO : 2026-04-08 00:44:25,057 ] - |     TRAIN|        23|       400|    33.188|  0.000581|
[ INFO : 2026-04-08 00:45:01,795 ] - |     TRAIN|        23|       500|    33.188|0.00058072|
[ INFO : 2026-04-08 00:45:43,150 ] - |     TRAIN|        23|       600|     33.19|0.00058043|
[ INFO : 2026-04-08 00:46:23,883 ] - |     TRAIN|        23|       700|    33.191|0.00058015|
[ INFO : 2026-04-08 00:47:10,765 ] - |     TRAIN|        23|       800|    33.174|0.00057986|
[ INFO : 2026-04-08 00:47:58,354 ] - |     TRAIN|        23|       900|    33.159|0.00057958|
[ INFO : 2026-04-08 00:48:44,889 ] - |     TRAIN|        23|      1000|    33.142|0.00057929|
[ INFO : 2026-04-08 00:49:31,317 ] - |     TRAIN|        23|      1100|    33.141|0.00057901|
[ INFO : 2026-04-08 00:50:17,942 ] - |     TRAIN|        23|      1200|    33.138|0.00057872|
[ INFO : 2026-04-08 00:52:24,423 ] - |     TRAIN|        23|      1300|    33.127|0.00057844|
[ INFO : 2026-04-08 00:52:59,852 ] - |     TRAIN|        23|      1400|    33.143|0.00057815|
[ INFO : 2026-04-08 00:53:34,779 ] - |     TRAIN|        23|      1500|    33.145|0.00057787|
[ INFO : 2026-04-08 00:54:12,874 ] - |     TRAIN|        23|      1600|     33.14|0.00057758|
[ INFO : 2026-04-08 00:54:50,396 ] - |     TRAIN|        23|      1700|    33.139| 0.0005773|
[ INFO : 2026-04-08 00:55:25,224 ] - |     TRAIN|        23|      1800|    33.154|0.00057702|
[ INFO : 2026-04-08 00:56:00,069 ] - |     TRAIN|        23|      1900|    33.159|0.00057673|
[ INFO : 2026-04-08 00:56:36,455 ] - |     TRAIN|        23|      2000|    33.167|0.00057645|
[ INFO : 2026-04-08 00:57:15,705 ] - |     TRAIN|        23|      2100|    33.171|0.00057617|
[ INFO : 2026-04-08 00:57:55,775 ] - |     TRAIN|        23|      2200|    33.166|0.00057588|
[ INFO : 2026-04-08 00:58:43,093 ] - |     TRAIN|        23|      2300|    33.161| 0.0005756|
[ INFO : 2026-04-08 00:59:28,510 ] - |     TRAIN|        23|      2400|    33.161|0.00057532|
[ INFO : 2026-04-08 01:00:13,878 ] - |     TRAIN|        23|      2500|    33.154|0.00057503|
[ INFO : 2026-04-08 01:02:16,840 ] - |     TRAIN|        23|      2600|    33.146|0.00057475|
[ INFO : 2026-04-08 01:02:53,427 ] - |     TRAIN|        23|      2700|    33.148|0.00057447|
[ INFO : 2026-04-08 01:03:28,357 ] - |     TRAIN|        23|      2800|    33.159|0.00057419|
[ INFO : 2026-04-08 01:04:03,246 ] - |     TRAIN|        23|      2900|    33.171| 0.0005739|
[ INFO : 2026-04-08 01:04:38,152 ] - |     TRAIN|        23|      3000|    33.182|0.00057362|
[ INFO : 2026-04-08 01:05:13,014 ] - |     TRAIN|        23|      3100|    33.196|0.00057334|
[ INFO : 2026-04-08 01:05:48,220 ] - |     TRAIN|        23|      3200|      33.2|0.00057306|
[ INFO : 2026-04-08 01:06:27,733 ] - |     TRAIN|        23|      3300|    33.219|0.00057278|
[ INFO : 2026-04-08 01:07:08,546 ] - |     TRAIN|        23|      3400|    33.222|0.00057249|
[ INFO : 2026-04-08 01:07:54,675 ] - |     TRAIN|        23|      3500|    33.234|0.00057221|
[ INFO : 2026-04-08 01:08:39,515 ] - |     TRAIN|        23|      3600|    33.241|0.00057193|
[ INFO : 2026-04-08 01:09:24,308 ] - |     TRAIN|        23|      3700|    33.243|0.00057165|
[ INFO : 2026-04-08 01:11:51,129 ] - |     TRAIN|        23|      3800|    33.244|0.00057137|
[ INFO : 2026-04-08 01:12:26,069 ] - |     TRAIN|        23|      3900|    33.251|0.00057109|
[ INFO : 2026-04-08 01:13:01,036 ] - |     TRAIN|        23|      4000|    33.253|0.00057081|
[ INFO : 2026-04-08 01:13:36,042 ] - |     TRAIN|        23|      4100|    33.255|0.00057053|
[ INFO : 2026-04-08 01:14:10,994 ] - |     TRAIN|        23|      4200|    33.267|0.00057025|
[ INFO : 2026-04-08 01:14:46,143 ] - |     TRAIN|        23|      4300|    33.272|0.00056997|
[ INFO : 2026-04-08 01:15:21,040 ] - |     TRAIN|        23|      4400|    33.272|0.00056968|
[ INFO : 2026-04-08 01:15:58,826 ] - |     TRAIN|        23|      4500|    33.281| 0.0005694|
[ INFO : 2026-04-08 01:16:38,546 ] - |     TRAIN|        23|      4600|    33.283|0.00056912|
[ INFO : 2026-04-08 01:17:24,222 ] - |     TRAIN|        23|      4700|    33.289|0.00056884|
[ INFO : 2026-04-08 01:18:10,323 ] - |     TRAIN|        23|      4800|    33.295|0.00056857|
[ INFO : 2026-04-08 01:18:55,743 ] - |     TRAIN|        23|      4900|    33.298|0.00056829|
[ INFO : 2026-04-08 01:19:41,494 ] - |     TRAIN|        23|      5000|    33.307|0.00056801|
/share/workspace3/maduo/codebase/wesep_wenet/examples/visual/voxceleb2mix/wesep/utils/executor.py:187: FutureWarning: `torch.cuda.amp.autocast(args...)` is deprecated. Please use `torch.amp.autocast('cuda', args...)` instead.
  with torch.cuda.amp.autocast(enabled=enable_amp):
[ INFO : 2026-04-08 01:20:40,402 ] - |       VAL|        23|       100|    33.116|         -|
[ INFO : 2026-04-08 01:21:29,084 ] - |       VAL|        23|       200|    33.198|         -|
[ INFO : 2026-04-08 01:22:18,957 ] - |       VAL|        23|       300|    33.239|         -|
[ INFO : 2026-04-08 01:23:09,024 ] - |       VAL|        23|       400|    33.267|         -|
[ INFO : 2026-04-08 01:23:53,331 ] - |       VAL|        23|       500|    33.326|         -|
[ INFO : 2026-04-08 01:24:23,911 ] - |       VAL|        23|       600|    33.362|         -|
[ INFO : 2026-04-08 01:24:54,750 ] - |       VAL|        23|       700|    33.362|         -|
[ INFO : 2026-04-08 01:25:25,777 ] - |       VAL|        23|       800|    33.352|         -|
[ INFO : 2026-04-08 01:25:56,619 ] - |       VAL|        23|       900|    33.347|         -|
[ INFO : 2026-04-08 01:26:27,722 ] - |       VAL|        23|      1000|    33.331|         -|
[ INFO : 2026-04-08 01:26:58,512 ] - |       VAL|        23|      1100|    33.334|         -|
[ INFO : 2026-04-08 01:27:28,893 ] - |       VAL|        23|      1200|    33.343|         -|
[ INFO : 2026-04-08 01:27:44,741 ] - Epoch 23 Train info train_loss 33.3070809513092
[ INFO : 2026-04-08 01:27:44,741 ] - Epoch 23 Val info val_loss 33.3399943862915
[ INFO : 2026-04-08 01:28:50,548 ] - |     TRAIN|        24|       100|    33.063|0.00056773|
[ INFO : 2026-04-08 01:29:25,528 ] - |     TRAIN|        24|       200|     33.35|0.00056745|
[ INFO : 2026-04-08 01:30:00,844 ] - |     TRAIN|        24|       300|    33.346|0.00056717|
[ INFO : 2026-04-08 01:30:35,602 ] - |     TRAIN|        24|       400|    33.377|0.00056689|
[ INFO : 2026-04-08 01:31:13,261 ] - |     TRAIN|        24|       500|    33.435|0.00056661|
[ INFO : 2026-04-08 01:31:53,477 ] - |     TRAIN|        24|       600|    33.426|0.00056633|
[ INFO : 2026-04-08 01:32:34,289 ] - |     TRAIN|        24|       700|    33.407|0.00056605|
[ INFO : 2026-04-08 01:33:21,913 ] - |     TRAIN|        24|       800|    33.361|0.00056578|
[ INFO : 2026-04-08 01:34:07,991 ] - |     TRAIN|        24|       900|    33.347| 0.0005655|
[ INFO : 2026-04-08 01:34:54,079 ] - |     TRAIN|        24|      1000|    33.358|0.00056522|
[ INFO : 2026-04-08 01:35:39,490 ] - |     TRAIN|        24|      1100|    33.329|0.00056494|
[ INFO : 2026-04-08 01:36:25,006 ] - |     TRAIN|        24|      1200|    33.319|0.00056466|
[ INFO : 2026-04-08 01:37:49,272 ] - |     TRAIN|        24|      1300|    33.314|0.00056439|
[ INFO : 2026-04-08 01:38:26,181 ] - |     TRAIN|        24|      1400|    33.324|0.00056411|
[ INFO : 2026-04-08 01:39:01,051 ] - |     TRAIN|        24|      1500|    33.321|0.00056383|
[ INFO : 2026-04-08 01:39:35,919 ] - |     TRAIN|        24|      1600|    33.315|0.00056355|
[ INFO : 2026-04-08 01:40:10,799 ] - |     TRAIN|        24|      1700|    33.308|0.00056328|
[ INFO : 2026-04-08 01:40:45,688 ] - |     TRAIN|        24|      1800|    33.308|  0.000563|
[ INFO : 2026-04-08 01:41:20,842 ] - |     TRAIN|        24|      1900|    33.309|0.00056272|
[ INFO : 2026-04-08 01:41:59,939 ] - |     TRAIN|        24|      2000|    33.308|0.00056245|
[ INFO : 2026-04-08 01:42:38,601 ] - |     TRAIN|        24|      2100|     33.31|0.00056217|
[ INFO : 2026-04-08 01:43:23,156 ] - |     TRAIN|        24|      2200|    33.302|0.00056189|
[ INFO : 2026-04-08 01:44:08,247 ] - |     TRAIN|        24|      2300|    33.301|0.00056162|
[ INFO : 2026-04-08 01:44:52,663 ] - |     TRAIN|        24|      2400|     33.31|0.00056134|
[ INFO : 2026-04-08 01:45:37,086 ] - |     TRAIN|        24|      2500|    33.327|0.00056106|
[ INFO : 2026-04-08 01:47:06,658 ] - |     TRAIN|        24|      2600|    33.318|0.00056079|
[ INFO : 2026-04-08 01:47:41,393 ] - |     TRAIN|        24|      2700|    33.315|0.00056051|
[ INFO : 2026-04-08 01:48:16,274 ] - |     TRAIN|        24|      2800|    33.304|0.00056024|
[ INFO : 2026-04-08 01:48:51,149 ] - |     TRAIN|        24|      2900|    33.309|0.00055996|
[ INFO : 2026-04-08 01:49:26,026 ] - |     TRAIN|        24|      3000|    33.306|0.00055969|
[ INFO : 2026-04-08 01:50:00,905 ] - |     TRAIN|        24|      3100|    33.294|0.00055941|
[ INFO : 2026-04-08 01:50:38,576 ] - |     TRAIN|        24|      3200|    33.297|0.00055914|
[ INFO : 2026-04-08 01:51:17,586 ] - |     TRAIN|        24|      3300|    33.303|0.00055886|
[ INFO : 2026-04-08 01:51:57,811 ] - |     TRAIN|        24|      3400|    33.309|0.00055859|
[ INFO : 2026-04-08 01:52:43,749 ] - |     TRAIN|        24|      3500|    33.325|0.00055831|
[ INFO : 2026-04-08 01:53:28,816 ] - |     TRAIN|        24|      3600|     33.33|0.00055804|
[ INFO : 2026-04-08 01:54:13,520 ] - |     TRAIN|        24|      3700|    33.337|0.00055776|
[ INFO : 2026-04-08 01:56:36,099 ] - |     TRAIN|        24|      3800|    33.346|0.00055749|
[ INFO : 2026-04-08 01:57:10,639 ] - |     TRAIN|        24|      3900|    33.353|0.00055721|
[ INFO : 2026-04-08 01:57:45,399 ] - |     TRAIN|        24|      4000|    33.357|0.00055694|
[ INFO : 2026-04-08 01:58:20,237 ] - |     TRAIN|        24|      4100|    33.365|0.00055667|
[ INFO : 2026-04-08 01:58:55,075 ] - |     TRAIN|        24|      4200|    33.369|0.00055639|
[ INFO : 2026-04-08 01:59:29,950 ] - |     TRAIN|        24|      4300|    33.389|0.00055612|
[ INFO : 2026-04-08 02:00:05,605 ] - |     TRAIN|        24|      4400|    33.402|0.00055585|
[ INFO : 2026-04-08 02:00:45,684 ] - |     TRAIN|        24|      4500|     33.41|0.00055557|
[ INFO : 2026-04-08 02:01:25,119 ] - |     TRAIN|        24|      4600|     33.41| 0.0005553|
[ INFO : 2026-04-08 02:02:09,604 ] - |     TRAIN|        24|      4700|    33.419|0.00055503|
[ INFO : 2026-04-08 02:02:55,344 ] - |     TRAIN|        24|      4800|    33.425|0.00055475|
[ INFO : 2026-04-08 02:03:40,856 ] - |     TRAIN|        24|      4900|    33.429|0.00055448|
[ INFO : 2026-04-08 02:04:26,006 ] - |     TRAIN|        24|      5000|    33.439|0.00055421|
/share/workspace3/maduo/codebase/wesep_wenet/examples/visual/voxceleb2mix/wesep/utils/executor.py:187: FutureWarning: `torch.cuda.amp.autocast(args...)` is deprecated. Please use `torch.amp.autocast('cuda', args...)` instead.
  with torch.cuda.amp.autocast(enabled=enable_amp):
[ INFO : 2026-04-08 02:05:17,911 ] - |       VAL|        24|       100|    33.817|         -|
[ INFO : 2026-04-08 02:05:57,618 ] - |       VAL|        24|       200|     33.87|         -|
[ INFO : 2026-04-08 02:06:29,149 ] - |       VAL|        24|       300|    33.774|         -|
[ INFO : 2026-04-08 02:07:00,557 ] - |       VAL|        24|       400|    33.793|         -|
[ INFO : 2026-04-08 02:07:31,821 ] - |       VAL|        24|       500|    33.818|         -|
[ INFO : 2026-04-08 02:08:03,243 ] - |       VAL|        24|       600|    33.773|         -|
[ INFO : 2026-04-08 02:08:34,160 ] - |       VAL|        24|       700|    33.773|         -|
[ INFO : 2026-04-08 02:09:05,068 ] - |       VAL|        24|       800|    33.787|         -|
[ INFO : 2026-04-08 02:09:36,128 ] - |       VAL|        24|       900|    33.789|         -|
[ INFO : 2026-04-08 02:10:07,875 ] - |       VAL|        24|      1000|    33.776|         -|
[ INFO : 2026-04-08 02:10:39,093 ] - |       VAL|        24|      1100|    33.773|         -|
[ INFO : 2026-04-08 02:11:10,464 ] - |       VAL|        24|      1200|    33.781|         -|
[ INFO : 2026-04-08 02:11:26,229 ] - Epoch 24 Train info train_loss 33.43924427566528
[ INFO : 2026-04-08 02:11:26,229 ] - Epoch 24 Val info val_loss 33.76760897369385
[ INFO : 2026-04-08 02:12:32,609 ] - |     TRAIN|        25|       100|    33.907|0.00055394|
[ INFO : 2026-04-08 02:13:07,511 ] - |     TRAIN|        25|       200|    33.759|0.00055366|
[ INFO : 2026-04-08 02:13:42,360 ] - |     TRAIN|        25|       300|    33.719|0.00055339|
[ INFO : 2026-04-08 02:14:17,021 ] - |     TRAIN|        25|       400|    33.676|0.00055312|
[ INFO : 2026-04-08 02:14:52,960 ] - |     TRAIN|        25|       500|    33.598|0.00055285|
[ INFO : 2026-04-08 02:15:33,510 ] - |     TRAIN|        25|       600|    33.527|0.00055257|
[ INFO : 2026-04-08 02:16:13,732 ] - |     TRAIN|        25|       700|    33.513| 0.0005523|
[ INFO : 2026-04-08 02:17:00,120 ] - |     TRAIN|        25|       800|    33.479|0.00055203|
[ INFO : 2026-04-08 02:17:47,096 ] - |     TRAIN|        25|       900|    33.481|0.00055176|
[ INFO : 2026-04-08 02:18:31,260 ] - |     TRAIN|        25|      1000|    33.472|0.00055149|
[ INFO : 2026-04-08 02:19:15,548 ] - |     TRAIN|        25|      1100|    33.434|0.00055122|
[ INFO : 2026-04-08 02:19:59,864 ] - |     TRAIN|        25|      1200|    33.412|0.00055095|
[ INFO : 2026-04-08 02:21:20,957 ] - |     TRAIN|        25|      1300|    33.389|0.00055068|
[ INFO : 2026-04-08 02:21:55,581 ] - |     TRAIN|        25|      1400|    33.398| 0.0005504|
[ INFO : 2026-04-08 02:22:30,402 ] - |     TRAIN|        25|      1500|    33.391|0.00055013|
[ INFO : 2026-04-08 02:23:11,565 ] - |     TRAIN|        25|      1600|    33.412|0.00054986|
[ INFO : 2026-04-08 02:23:46,180 ] - |     TRAIN|        25|      1700|    33.414|0.00054959|
[ INFO : 2026-04-08 02:24:20,802 ] - |     TRAIN|        25|      1800|    33.423|0.00054932|
[ INFO : 2026-04-08 02:24:55,441 ] - |     TRAIN|        25|      1900|    33.432|0.00054905|
[ INFO : 2026-04-08 02:25:32,970 ] - |     TRAIN|        25|      2000|     33.43|0.00054878|
[ INFO : 2026-04-08 02:26:11,244 ] - |     TRAIN|        25|      2100|     33.41|0.00054851|
[ INFO : 2026-04-08 02:26:55,489 ] - |     TRAIN|        25|      2200|    33.413|0.00054824|
[ INFO : 2026-04-08 02:27:40,442 ] - |     TRAIN|        25|      2300|    33.401|0.00054797|
[ INFO : 2026-04-08 02:28:24,387 ] - |     TRAIN|        25|      2400|    33.404| 0.0005477|
[ INFO : 2026-04-08 02:29:08,958 ] - |     TRAIN|        25|      2500|    33.399|0.00054743|
[ INFO : 2026-04-08 02:30:59,829 ] - |     TRAIN|        25|      2600|    33.391|0.00054717|
[ INFO : 2026-04-08 02:31:34,489 ] - |     TRAIN|        25|      2700|     33.38| 0.0005469|
[ INFO : 2026-04-08 02:32:09,161 ] - |     TRAIN|        25|      2800|    33.376|0.00054663|
[ INFO : 2026-04-08 02:32:44,090 ] - |     TRAIN|        25|      2900|    33.366|0.00054636|
[ INFO : 2026-04-08 02:33:18,733 ] - |     TRAIN|        25|      3000|    33.368|0.00054609|
[ INFO : 2026-04-08 02:33:53,412 ] - |     TRAIN|        25|      3100|    33.364|0.00054582|
[ INFO : 2026-04-08 02:34:28,920 ] - |     TRAIN|        25|      3200|    33.359|0.00054555|
[ INFO : 2026-04-08 02:35:09,072 ] - |     TRAIN|        25|      3300|    33.347|0.00054528|
[ INFO : 2026-04-08 02:35:50,512 ] - |     TRAIN|        25|      3400|    33.347|0.00054502|
[ INFO : 2026-04-08 02:36:37,143 ] - |     TRAIN|        25|      3500|    33.347|0.00054475|
[ INFO : 2026-04-08 02:37:22,371 ] - |     TRAIN|        25|      3600|    33.345|0.00054448|
[ INFO : 2026-04-08 02:38:06,867 ] - |     TRAIN|        25|      3700|     33.35|0.00054421|
[ INFO : 2026-04-08 02:40:07,312 ] - |     TRAIN|        25|      3800|    33.349|0.00054395|
[ INFO : 2026-04-08 02:40:41,698 ] - |     TRAIN|        25|      3900|    33.345|0.00054368|
[ INFO : 2026-04-08 02:41:16,140 ] - |     TRAIN|        25|      4000|    33.343|0.00054341|
[ INFO : 2026-04-08 02:41:50,568 ] - |     TRAIN|        25|      4100|    33.348|0.00054314|
[ INFO : 2026-04-08 02:42:24,964 ] - |     TRAIN|        25|      4200|    33.343|0.00054288|
[ INFO : 2026-04-08 02:42:59,488 ] - |     TRAIN|        25|      4300|    33.336|0.00054261|
[ INFO : 2026-04-08 02:43:33,995 ] - |     TRAIN|        25|      4400|    33.332|0.00054234|
[ INFO : 2026-04-08 02:44:12,313 ] - |     TRAIN|        25|      4500|    33.336|0.00054208|
[ INFO : 2026-04-08 02:44:52,298 ] - |     TRAIN|        25|      4600|    33.333|0.00054181|
[ INFO : 2026-04-08 02:45:36,994 ] - |     TRAIN|        25|      4700|    33.327|0.00054154|
[ INFO : 2026-04-08 02:46:22,249 ] - |     TRAIN|        25|      4800|    33.326|0.00054128|
[ INFO : 2026-04-08 02:47:07,136 ] - |     TRAIN|        25|      4900|    33.323|0.00054101|
[ INFO : 2026-04-08 02:47:52,157 ] - |     TRAIN|        25|      5000|    33.321|0.00054074|
/share/workspace3/maduo/codebase/wesep_wenet/examples/visual/voxceleb2mix/wesep/utils/executor.py:187: FutureWarning: `torch.cuda.amp.autocast(args...)` is deprecated. Please use `torch.amp.autocast('cuda', args...)` instead.
  with torch.cuda.amp.autocast(enabled=enable_amp):
[ INFO : 2026-04-08 02:48:38,880 ] - |       VAL|        25|       100|     33.05|         -|
[ INFO : 2026-04-08 02:49:17,223 ] - |       VAL|        25|       200|    33.209|         -|
[ INFO : 2026-04-08 02:49:48,673 ] - |       VAL|        25|       300|    33.171|         -|
[ INFO : 2026-04-08 02:50:20,420 ] - |       VAL|        25|       400|    33.194|         -|
[ INFO : 2026-04-08 02:50:52,036 ] - |       VAL|        25|       500|    33.243|         -|
[ INFO : 2026-04-08 02:51:39,274 ] - |       VAL|        25|       600|     33.19|         -|
[ INFO : 2026-04-08 02:52:33,998 ] - |       VAL|        25|       700|    33.147|         -|
[ INFO : 2026-04-08 02:53:26,419 ] - |       VAL|        25|       800|    33.148|         -|
[ INFO : 2026-04-08 02:54:23,875 ] - |       VAL|        25|       900|    33.121|         -|
[ INFO : 2026-04-08 02:55:18,041 ] - |       VAL|        25|      1000|    33.105|         -|
[ INFO : 2026-04-08 02:56:11,408 ] - |       VAL|        25|      1100|    33.085|         -|
[ INFO : 2026-04-08 02:56:42,960 ] - |       VAL|        25|      1200|    33.076|         -|
[ INFO : 2026-04-08 02:56:59,274 ] - Epoch 25 Train info train_loss 33.321331924819944
[ INFO : 2026-04-08 02:56:59,274 ] - Epoch 25 Val info val_loss 33.085381411743164
[ INFO : 2026-04-08 02:58:05,472 ] - |     TRAIN|        26|       100|    33.256|0.00054048|
[ INFO : 2026-04-08 02:58:40,321 ] - |     TRAIN|        26|       200|    33.289|0.00054021|
[ INFO : 2026-04-08 02:59:15,177 ] - |     TRAIN|        26|       300|    33.098|0.00053995|
[ INFO : 2026-04-08 02:59:49,931 ] - |     TRAIN|        26|       400|    33.069|0.00053968|
[ INFO : 2026-04-08 03:00:24,654 ] - |     TRAIN|        26|       500|    33.112|0.00053942|
[ INFO : 2026-04-08 03:01:00,437 ] - |     TRAIN|        26|       600|    33.144|0.00053915|
[ INFO : 2026-04-08 03:01:39,249 ] - |     TRAIN|        26|       700|    33.161|0.00053889|
[ INFO : 2026-04-08 03:02:17,949 ] - |     TRAIN|        26|       800|    33.161|0.00053862|
[ INFO : 2026-04-08 03:03:00,405 ] - |     TRAIN|        26|       900|     33.15|0.00053836|
[ INFO : 2026-04-08 03:03:45,519 ] - |     TRAIN|        26|      1000|    33.137|0.00053809|
[ INFO : 2026-04-08 03:04:30,516 ] - |     TRAIN|        26|      1100|    33.142|0.00053783|
[ INFO : 2026-04-08 03:05:15,482 ] - |     TRAIN|        26|      1200|    33.125|0.00053756|
[ INFO : 2026-04-08 03:06:48,794 ] - |     TRAIN|        26|      1300|    33.133| 0.0005373|
[ INFO : 2026-04-08 03:07:23,627 ] - |     TRAIN|        26|      1400|    33.153|0.00053703|
[ INFO : 2026-04-08 03:07:58,520 ] - |     TRAIN|        26|      1500|    33.165|0.00053677|
[ INFO : 2026-04-08 03:08:33,422 ] - |     TRAIN|        26|      1600|    33.161|0.00053651|
[ INFO : 2026-04-08 03:09:08,271 ] - |     TRAIN|        26|      1700|     33.17|0.00053624|
[ INFO : 2026-04-08 03:09:42,964 ] - |     TRAIN|        26|      1800|    33.163|0.00053598|
[ INFO : 2026-04-08 03:10:19,042 ] - |     TRAIN|        26|      1900|    33.156|0.00053571|
[ INFO : 2026-04-08 03:10:57,931 ] - |     TRAIN|        26|      2000|    33.156|0.00053545|
[ INFO : 2026-04-08 03:11:36,683 ] - |     TRAIN|        26|      2100|    33.146|0.00053519|
[ INFO : 2026-04-08 03:12:19,563 ] - |     TRAIN|        26|      2200|    33.149|0.00053492|
[ INFO : 2026-04-08 03:13:04,587 ] - |     TRAIN|        26|      2300|    33.153|0.00053466|
[ INFO : 2026-04-08 03:13:49,037 ] - |     TRAIN|        26|      2400|    33.155| 0.0005344|
[ INFO : 2026-04-08 03:14:33,772 ] - |     TRAIN|        26|      2500|    33.148|0.00053414|
[ INFO : 2026-04-08 03:16:13,271 ] - |     TRAIN|        26|      2600|    33.147|0.00053387|
[ INFO : 2026-04-08 03:16:48,170 ] - |     TRAIN|        26|      2700|    33.146|0.00053361|
[ INFO : 2026-04-08 03:17:23,043 ] - |     TRAIN|        26|      2800|     33.15|0.00053335|
[ INFO : 2026-04-08 03:17:57,893 ] - |     TRAIN|        26|      2900|    33.161|0.00053309|
[ INFO : 2026-04-08 03:18:32,611 ] - |     TRAIN|        26|      3000|    33.165|0.00053282|
[ INFO : 2026-04-08 03:19:07,307 ] - |     TRAIN|        26|      3100|    33.172|0.00053256|
[ INFO : 2026-04-08 03:19:45,867 ] - |     TRAIN|        26|      3200|    33.182| 0.0005323|
[ INFO : 2026-04-08 03:20:26,159 ] - |     TRAIN|        26|      3300|     33.19|0.00053204|
[ INFO : 2026-04-08 03:21:09,772 ] - |     TRAIN|        26|      3400|    33.193|0.00053178|
[ INFO : 2026-04-08 03:21:57,442 ] - |     TRAIN|        26|      3500|    33.201|0.00053152|
[ INFO : 2026-04-08 03:22:44,565 ] - |     TRAIN|        26|      3600|    33.205|0.00053125|
[ INFO : 2026-04-08 03:23:31,333 ] - |     TRAIN|        26|      3700|    33.208|0.00053099|
[ INFO : 2026-04-08 03:25:38,906 ] - |     TRAIN|        26|      3800|    33.207|0.00053073|
[ INFO : 2026-04-08 03:26:22,534 ] - |     TRAIN|        26|      3900|    33.205|0.00053047|
[ INFO : 2026-04-08 03:27:01,481 ] - |     TRAIN|        26|      4000|    33.208|0.00053021|
[ INFO : 2026-04-08 03:27:36,180 ] - |     TRAIN|        26|      4100|    33.207|0.00052995|
[ INFO : 2026-04-08 03:28:10,904 ] - |     TRAIN|        26|      4200|    33.211|0.00052969|
[ INFO : 2026-04-08 03:28:45,644 ] - |     TRAIN|        26|      4300|    33.212|0.00052943|
[ INFO : 2026-04-08 03:29:20,377 ] - |     TRAIN|        26|      4400|    33.211|0.00052917|
[ INFO : 2026-04-08 03:29:57,410 ] - |     TRAIN|        26|      4500|    33.211|0.00052891|
[ INFO : 2026-04-08 03:30:36,299 ] - |     TRAIN|        26|      4600|    33.211|0.00052865|
[ INFO : 2026-04-08 03:31:20,835 ] - |     TRAIN|        26|      4700|    33.211|0.00052839|
[ INFO : 2026-04-08 03:32:05,676 ] - |     TRAIN|        26|      4800|    33.213|0.00052813|
[ INFO : 2026-04-08 03:32:50,514 ] - |     TRAIN|        26|      4900|    33.218|0.00052787|
[ INFO : 2026-04-08 03:33:34,863 ] - |     TRAIN|        26|      5000|    33.219|0.00052761|
/share/workspace3/maduo/codebase/wesep_wenet/examples/visual/voxceleb2mix/wesep/utils/executor.py:187: FutureWarning: `torch.cuda.amp.autocast(args...)` is deprecated. Please use `torch.amp.autocast('cuda', args...)` instead.
  with torch.cuda.amp.autocast(enabled=enable_amp):
[ INFO : 2026-04-08 03:34:17,494 ] - |       VAL|        26|       100|    33.364|         -|
[ INFO : 2026-04-08 03:34:48,927 ] - |       VAL|        26|       200|    33.231|         -|
[ INFO : 2026-04-08 03:35:19,666 ] - |       VAL|        26|       300|    33.248|         -|
[ INFO : 2026-04-08 03:35:50,699 ] - |       VAL|        26|       400|    33.154|         -|
[ INFO : 2026-04-08 03:36:21,162 ] - |       VAL|        26|       500|    33.142|         -|
[ INFO : 2026-04-08 03:36:52,389 ] - |       VAL|        26|       600|    33.146|         -|
[ INFO : 2026-04-08 03:37:23,907 ] - |       VAL|        26|       700|    33.172|         -|
[ INFO : 2026-04-08 03:37:55,425 ] - |       VAL|        26|       800|    33.183|         -|
[ INFO : 2026-04-08 03:38:26,923 ] - |       VAL|        26|       900|     33.16|         -|
[ INFO : 2026-04-08 03:38:58,265 ] - |       VAL|        26|      1000|    33.149|         -|
[ INFO : 2026-04-08 03:39:29,789 ] - |       VAL|        26|      1100|    33.157|         -|
[ INFO : 2026-04-08 03:40:00,994 ] - |       VAL|        26|      1200|    33.177|         -|
[ INFO : 2026-04-08 03:40:17,296 ] - Epoch 26 Train info train_loss 33.21936238632202
[ INFO : 2026-04-08 03:40:17,296 ] - Epoch 26 Val info val_loss 33.16664495391846
[ INFO : 2026-04-08 03:41:35,999 ] - |     TRAIN|        27|       100|    33.447|0.00052735|
[ INFO : 2026-04-08 03:42:10,930 ] - |     TRAIN|        27|       200|    33.359|0.00052709|
[ INFO : 2026-04-08 03:42:45,819 ] - |     TRAIN|        27|       300|    33.354|0.00052683|
[ INFO : 2026-04-08 03:43:20,527 ] - |     TRAIN|        27|       400|    33.285|0.00052657|
[ INFO : 2026-04-08 03:43:55,977 ] - |     TRAIN|        27|       500|     33.34|0.00052631|
[ INFO : 2026-04-08 03:44:36,513 ] - |     TRAIN|        27|       600|    33.299|0.00052605|
[ INFO : 2026-04-08 03:45:16,851 ] - |     TRAIN|        27|       700|      33.3| 0.0005258|
[ INFO : 2026-04-08 03:46:02,361 ] - |     TRAIN|        27|       800|    33.283|0.00052554|
[ INFO : 2026-04-08 03:46:49,028 ] - |     TRAIN|        27|       900|    33.285|0.00052528|
[ INFO : 2026-04-08 03:47:35,050 ] - |     TRAIN|        27|      1000|    33.281|0.00052502|
[ INFO : 2026-04-08 03:48:20,855 ] - |     TRAIN|        27|      1100|    33.277|0.00052476|
[ INFO : 2026-04-08 03:49:06,775 ] - |     TRAIN|        27|      1200|    33.281| 0.0005245|
[ INFO : 2026-04-08 03:50:48,454 ] - |     TRAIN|        27|      1300|    33.286|0.00052425|
[ INFO : 2026-04-08 03:51:26,134 ] - |     TRAIN|        27|      1400|     33.27|0.00052399|
[ INFO : 2026-04-08 03:52:00,895 ] - |     TRAIN|        27|      1500|    33.253|0.00052373|
[ INFO : 2026-04-08 03:52:36,999 ] - |     TRAIN|        27|      1600|    33.253|0.00052347|
[ INFO : 2026-04-08 03:53:12,136 ] - |     TRAIN|        27|      1700|    33.252|0.00052322|
[ INFO : 2026-04-08 03:53:46,854 ] - |     TRAIN|        27|      1800|    33.253|0.00052296|
[ INFO : 2026-04-08 03:54:21,599 ] - |     TRAIN|        27|      1900|    33.266| 0.0005227|
[ INFO : 2026-04-08 03:54:57,236 ] - |     TRAIN|        27|      2000|     33.26|0.00052244|
[ INFO : 2026-04-08 03:55:36,240 ] - |     TRAIN|        27|      2100|    33.254|0.00052219|
[ INFO : 2026-04-08 03:56:15,267 ] - |     TRAIN|        27|      2200|    33.248|0.00052193|
[ INFO : 2026-04-08 03:57:02,025 ] - |     TRAIN|        27|      2300|    33.247|0.00052167|
[ INFO : 2026-04-08 03:57:47,266 ] - |     TRAIN|        27|      2400|    33.239|0.00052142|
[ INFO : 2026-04-08 03:58:32,437 ] - |     TRAIN|        27|      2500|    33.234|0.00052116|
[ INFO : 2026-04-08 04:00:18,002 ] - |     TRAIN|        27|      2600|    33.236| 0.0005209|
[ INFO : 2026-04-08 04:00:52,620 ] - |     TRAIN|        27|      2700|    33.223|0.00052065|
[ INFO : 2026-04-08 04:01:28,609 ] - |     TRAIN|        27|      2800|    33.226|0.00052039|
[ INFO : 2026-04-08 04:02:12,418 ] - |     TRAIN|        27|      2900|    33.228|0.00052014|
[ INFO : 2026-04-08 04:02:48,433 ] - |     TRAIN|        27|      3000|    33.233|0.00051988|
[ INFO : 2026-04-08 04:03:23,159 ] - |     TRAIN|        27|      3100|    33.235|0.00051962|
[ INFO : 2026-04-08 04:03:57,884 ] - |     TRAIN|        27|      3200|    33.227|0.00051937|
[ INFO : 2026-04-08 04:04:35,678 ] - |     TRAIN|        27|      3300|    33.225|0.00051911|
[ INFO : 2026-04-08 04:05:16,976 ] - |     TRAIN|        27|      3400|    33.221|0.00051886|
[ INFO : 2026-04-08 04:06:02,779 ] - |     TRAIN|        27|      3500|    33.218| 0.0005186|
[ INFO : 2026-04-08 04:06:47,565 ] - |     TRAIN|        27|      3600|    33.218|0.00051835|
[ INFO : 2026-04-08 04:07:31,826 ] - |     TRAIN|        27|      3700|    33.222|0.00051809|
[ INFO : 2026-04-08 04:09:24,983 ] - |     TRAIN|        27|      3800|    33.227|0.00051784|
[ INFO : 2026-04-08 04:09:59,687 ] - |     TRAIN|        27|      3900|    33.226|0.00051758|
[ INFO : 2026-04-08 04:10:34,530 ] - |     TRAIN|        27|      4000|     33.21|0.00051733|
[ INFO : 2026-04-08 04:11:09,232 ] - |     TRAIN|        27|      4100|    33.209|0.00051708|
[ INFO : 2026-04-08 04:11:43,943 ] - |     TRAIN|        27|      4200|    33.212|0.00051682|
[ INFO : 2026-04-08 04:12:18,643 ] - |     TRAIN|        27|      4300|    33.209|0.00051657|
[ INFO : 2026-04-08 04:12:53,368 ] - |     TRAIN|        27|      4400|    33.214|0.00051631|
[ INFO : 2026-04-08 04:13:29,076 ] - |     TRAIN|        27|      4500|    33.216|0.00051606|
[ INFO : 2026-04-08 04:14:08,160 ] - |     TRAIN|        27|      4600|    33.212|0.00051581|
[ INFO : 2026-04-08 04:14:53,100 ] - |     TRAIN|        27|      4700|    33.212|0.00051555|
[ INFO : 2026-04-08 04:15:38,813 ] - |     TRAIN|        27|      4800|     33.21| 0.0005153|
[ INFO : 2026-04-08 04:16:23,218 ] - |     TRAIN|        27|      4900|    33.214|0.00051504|
[ INFO : 2026-04-08 04:17:07,981 ] - |     TRAIN|        27|      5000|    33.216|0.00051479|
/share/workspace3/maduo/codebase/wesep_wenet/examples/visual/voxceleb2mix/wesep/utils/executor.py:187: FutureWarning: `torch.cuda.amp.autocast(args...)` is deprecated. Please use `torch.amp.autocast('cuda', args...)` instead.
  with torch.cuda.amp.autocast(enabled=enable_amp):
[ INFO : 2026-04-08 04:17:50,376 ] - |       VAL|        27|       100|    33.111|         -|
[ INFO : 2026-04-08 04:18:21,903 ] - |       VAL|        27|       200|    33.186|         -|
[ INFO : 2026-04-08 04:18:52,989 ] - |       VAL|        27|       300|    33.156|         -|
[ INFO : 2026-04-08 04:19:23,320 ] - |       VAL|        27|       400|    33.157|         -|
[ INFO : 2026-04-08 04:19:54,757 ] - |       VAL|        27|       500|    33.162|         -|
[ INFO : 2026-04-08 04:20:26,339 ] - |       VAL|        27|       600|    33.168|         -|
[ INFO : 2026-04-08 04:20:57,442 ] - |       VAL|        27|       700|    33.151|         -|
[ INFO : 2026-04-08 04:21:28,529 ] - |       VAL|        27|       800|    33.155|         -|
[ INFO : 2026-04-08 04:22:00,100 ] - |       VAL|        27|       900|    33.125|         -|
[ INFO : 2026-04-08 04:22:31,175 ] - |       VAL|        27|      1000|    33.105|         -|
[ INFO : 2026-04-08 04:23:02,694 ] - |       VAL|        27|      1100|    33.117|         -|
[ INFO : 2026-04-08 04:23:34,407 ] - |       VAL|        27|      1200|    33.131|         -|
[ INFO : 2026-04-08 04:23:50,586 ] - Epoch 27 Train info train_loss 33.21555148391724
[ INFO : 2026-04-08 04:23:50,586 ] - Epoch 27 Val info val_loss 33.11527119445801
[ INFO : 2026-04-08 04:24:56,468 ] - |     TRAIN|        28|       100|     33.15|0.00051454|
[ INFO : 2026-04-08 04:25:31,495 ] - |     TRAIN|        28|       200|    33.022|0.00051429|
[ INFO : 2026-04-08 04:26:06,504 ] - |     TRAIN|        28|       300|    32.985|0.00051403|
[ INFO : 2026-04-08 04:26:41,269 ] - |     TRAIN|        28|       400|    33.052|0.00051378|
[ INFO : 2026-04-08 04:27:16,013 ] - |     TRAIN|        28|       500|    33.089|0.00051353|
[ INFO : 2026-04-08 04:27:51,909 ] - |     TRAIN|        28|       600|    33.132|0.00051327|
[ INFO : 2026-04-08 04:28:30,470 ] - |     TRAIN|        28|       700|     33.12|0.00051302|
[ INFO : 2026-04-08 04:29:09,127 ] - |     TRAIN|        28|       800|    33.106|0.00051277|
[ INFO : 2026-04-08 04:29:51,751 ] - |     TRAIN|        28|       900|    33.075|0.00051252|
[ INFO : 2026-04-08 04:30:36,608 ] - |     TRAIN|        28|      1000|    33.092|0.00051227|
[ INFO : 2026-04-08 04:31:21,170 ] - |     TRAIN|        28|      1100|    33.097|0.00051201|
[ INFO : 2026-04-08 04:32:05,548 ] - |     TRAIN|        28|      1200|    33.132|0.00051176|
[ INFO : 2026-04-08 04:33:49,379 ] - |     TRAIN|        28|      1300|    33.146|0.00051151|
[ INFO : 2026-04-08 04:34:24,270 ] - |     TRAIN|        28|      1400|    33.154|0.00051126|
[ INFO : 2026-04-08 04:34:59,142 ] - |     TRAIN|        28|      1500|    33.172|0.00051101|
[ INFO : 2026-04-08 04:35:34,003 ] - |     TRAIN|        28|      1600|    33.175|0.00051076|
[ INFO : 2026-04-08 04:36:08,703 ] - |     TRAIN|        28|      1700|     33.18|0.00051051|
[ INFO : 2026-04-08 04:36:43,399 ] - |     TRAIN|        28|      1800|      33.2|0.00051025|
[ INFO : 2026-04-08 04:37:19,592 ] - |     TRAIN|        28|      1900|    33.195|   0.00051|
[ INFO : 2026-04-08 04:38:00,064 ] - |     TRAIN|        28|      2000|    33.193|0.00050975|
[ INFO : 2026-04-08 04:38:40,792 ] - |     TRAIN|        28|      2100|    33.193| 0.0005095|
[ INFO : 2026-04-08 04:39:28,740 ] - |     TRAIN|        28|      2200|    33.193|0.00050925|
[ INFO : 2026-04-08 04:40:15,903 ] - |     TRAIN|        28|      2300|    33.192|  0.000509|
[ INFO : 2026-04-08 04:41:02,392 ] - |     TRAIN|        28|      2400|    33.187|0.00050875|
[ INFO : 2026-04-08 04:41:48,467 ] - |     TRAIN|        28|      2500|    33.191| 0.0005085|
[ INFO : 2026-04-08 04:43:30,908 ] - |     TRAIN|        28|      2600|    33.192|0.00050825|
[ INFO : 2026-04-08 04:44:15,541 ] - |     TRAIN|        28|      2700|    33.191|  0.000508|
[ INFO : 2026-04-08 04:44:50,180 ] - |     TRAIN|        28|      2800|    33.191|0.00050775|
[ INFO : 2026-04-08 04:45:24,747 ] - |     TRAIN|        28|      2900|     33.19| 0.0005075|
[ INFO : 2026-04-08 04:45:59,400 ] - |     TRAIN|        28|      3000|    33.188|0.00050725|
[ INFO : 2026-04-08 04:46:34,089 ] - |     TRAIN|        28|      3100|    33.179|  0.000507|
[ INFO : 2026-04-08 04:47:08,757 ] - |     TRAIN|        28|      3200|     33.18|0.00050675|
[ INFO : 2026-04-08 04:47:47,796 ] - |     TRAIN|        28|      3300|    33.175| 0.0005065|
[ INFO : 2026-04-08 04:48:28,551 ] - |     TRAIN|        28|      3400|    33.173|0.00050625|
[ INFO : 2026-04-08 04:49:14,420 ] - |     TRAIN|        28|      3500|    33.171|0.00050601|
[ INFO : 2026-04-08 04:49:59,490 ] - |     TRAIN|        28|      3600|     33.16|0.00050576|
[ INFO : 2026-04-08 04:50:44,004 ] - |     TRAIN|        28|      3700|    33.154|0.00050551|
[ INFO : 2026-04-08 04:52:35,204 ] - |     TRAIN|        28|      3800|     33.15|0.00050526|
[ INFO : 2026-04-08 04:53:10,063 ] - |     TRAIN|        28|      3900|     33.14|0.00050501|
[ INFO : 2026-04-08 04:53:44,820 ] - |     TRAIN|        28|      4000|    33.141|0.00050476|
[ INFO : 2026-04-08 04:54:19,489 ] - |     TRAIN|        28|      4100|    33.143|0.00050451|
[ INFO : 2026-04-08 04:54:54,165 ] - |     TRAIN|        28|      4200|    33.142|0.00050427|
[ INFO : 2026-04-08 04:55:28,865 ] - |     TRAIN|        28|      4300|    33.138|0.00050402|
[ INFO : 2026-04-08 04:56:03,604 ] - |     TRAIN|        28|      4400|    33.135|0.00050377|
[ INFO : 2026-04-08 04:56:40,578 ] - |     TRAIN|        28|      4500|    33.132|0.00050352|
[ INFO : 2026-04-08 04:57:19,677 ] - |     TRAIN|        28|      4600|    33.129|0.00050328|
[ INFO : 2026-04-08 04:58:04,216 ] - |     TRAIN|        28|      4700|    33.127|0.00050303|
[ INFO : 2026-04-08 04:58:49,570 ] - |     TRAIN|        28|      4800|    33.128|0.00050278|
[ INFO : 2026-04-08 04:59:34,202 ] - |     TRAIN|        28|      4900|    33.127|0.00050253|
[ INFO : 2026-04-08 05:00:18,744 ] - |     TRAIN|        28|      5000|    33.119|0.00050229|
/share/workspace3/maduo/codebase/wesep_wenet/examples/visual/voxceleb2mix/wesep/utils/executor.py:187: FutureWarning: `torch.cuda.amp.autocast(args...)` is deprecated. Please use `torch.amp.autocast('cuda', args...)` instead.
  with torch.cuda.amp.autocast(enabled=enable_amp):
[ INFO : 2026-04-08 05:01:01,043 ] - |       VAL|        28|       100|    33.062|         -|
[ INFO : 2026-04-08 05:01:32,639 ] - |       VAL|        28|       200|    32.979|         -|
[ INFO : 2026-04-08 05:02:03,616 ] - |       VAL|        28|       300|    32.903|         -|
[ INFO : 2026-04-08 05:02:34,832 ] - |       VAL|        28|       400|    32.866|         -|
[ INFO : 2026-04-08 05:03:06,138 ] - |       VAL|        28|       500|    32.856|         -|
[ INFO : 2026-04-08 05:03:37,297 ] - |       VAL|        28|       600|    32.859|         -|
[ INFO : 2026-04-08 05:04:08,276 ] - |       VAL|        28|       700|    32.842|         -|
[ INFO : 2026-04-08 05:04:39,482 ] - |       VAL|        28|       800|    32.848|         -|
[ INFO : 2026-04-08 05:05:10,923 ] - |       VAL|        28|       900|    32.837|         -|
[ INFO : 2026-04-08 05:05:42,058 ] - |       VAL|        28|      1000|     32.86|         -|
[ INFO : 2026-04-08 05:06:13,265 ] - |       VAL|        28|      1100|    32.884|         -|
[ INFO : 2026-04-08 05:06:44,382 ] - |       VAL|        28|      1200|    32.884|         -|
[ INFO : 2026-04-08 05:07:00,703 ] - Epoch 28 Train info train_loss 33.11916708335877
[ INFO : 2026-04-08 05:07:00,703 ] - Epoch 28 Val info val_loss 32.8894936920166
[ INFO : 2026-04-08 05:08:06,854 ] - |     TRAIN|        29|       100|    33.029|0.00050204|
[ INFO : 2026-04-08 05:08:41,681 ] - |     TRAIN|        29|       200|    32.895|0.00050179|
[ INFO : 2026-04-08 05:09:16,536 ] - |     TRAIN|        29|       300|      32.9|0.00050155|
[ INFO : 2026-04-08 05:09:51,445 ] - |     TRAIN|        29|       400|    32.894| 0.0005013|
[ INFO : 2026-04-08 05:10:26,081 ] - |     TRAIN|        29|       500|    32.917|0.00050105|
[ INFO : 2026-04-08 05:11:06,081 ] - |     TRAIN|        29|       600|     32.92|0.00050081|
[ INFO : 2026-04-08 05:11:47,336 ] - |     TRAIN|        29|       700|    32.917|0.00050056|
[ INFO : 2026-04-08 05:12:30,249 ] - |     TRAIN|        29|       800|    32.914|0.00050031|
[ INFO : 2026-04-08 05:13:17,281 ] - |     TRAIN|        29|       900|    32.941|0.00050007|
[ INFO : 2026-04-08 05:14:03,511 ] - |     TRAIN|        29|      1000|    32.948|0.00049982|
[ INFO : 2026-04-08 05:14:49,944 ] - |     TRAIN|        29|      1100|    32.942|0.00049958|
[ INFO : 2026-04-08 05:15:36,654 ] - |     TRAIN|        29|      1200|    32.957|0.00049933|
[ INFO : 2026-04-08 05:17:04,592 ] - |     TRAIN|        29|      1300|    32.959|0.00049908|
[ INFO : 2026-04-08 05:17:48,802 ] - |     TRAIN|        29|      1400|    32.956|0.00049884|
[ INFO : 2026-04-08 05:18:24,388 ] - |     TRAIN|        29|      1500|    32.954|0.00049859|
[ INFO : 2026-04-08 05:19:00,334 ] - |     TRAIN|        29|      1600|    32.969|0.00049835|
[ INFO : 2026-04-08 05:19:34,943 ] - |     TRAIN|        29|      1700|    32.957| 0.0004981|
[ INFO : 2026-04-08 05:20:09,605 ] - |     TRAIN|        29|      1800|    32.962|0.00049786|
[ INFO : 2026-04-08 05:20:44,281 ] - |     TRAIN|        29|      1900|    32.962|0.00049761|
[ INFO : 2026-04-08 05:21:20,016 ] - |     TRAIN|        29|      2000|    32.963|0.00049737|
[ INFO : 2026-04-08 05:21:58,866 ] - |     TRAIN|        29|      2100|    32.958|0.00049712|
[ INFO : 2026-04-08 05:22:43,143 ] - |     TRAIN|        29|      2200|     32.96|0.00049688|
[ INFO : 2026-04-08 05:23:28,653 ] - |     TRAIN|        29|      2300|    32.964|0.00049664|
[ INFO : 2026-04-08 05:24:13,759 ] - |     TRAIN|        29|      2400|    32.958|0.00049639|
[ INFO : 2026-04-08 05:24:58,497 ] - |     TRAIN|        29|      2500|    32.947|0.00049615|
[ INFO : 2026-04-08 05:26:25,177 ] - |     TRAIN|        29|      2600|    32.939| 0.0004959|
[ INFO : 2026-04-08 05:27:00,372 ] - |     TRAIN|        29|      2700|    32.946|0.00049566|
[ INFO : 2026-04-08 05:27:34,989 ] - |     TRAIN|        29|      2800|    32.958|0.00049542|
[ INFO : 2026-04-08 05:28:09,634 ] - |     TRAIN|        29|      2900|     32.96|0.00049517|
[ INFO : 2026-04-08 05:28:44,214 ] - |     TRAIN|        29|      3000|    32.973|0.00049493|
[ INFO : 2026-04-08 05:29:18,821 ] - |     TRAIN|        29|      3100|    32.981|0.00049469|
[ INFO : 2026-04-08 05:29:53,433 ] - |     TRAIN|        29|      3200|    32.989|0.00049444|
[ INFO : 2026-04-08 05:30:31,578 ] - |     TRAIN|        29|      3300|    32.999| 0.0004942|
[ INFO : 2026-04-08 05:31:12,563 ] - |     TRAIN|        29|      3400|    33.008|0.00049396|
[ INFO : 2026-04-08 05:31:58,431 ] - |     TRAIN|        29|      3500|    33.012|0.00049371|
[ INFO : 2026-04-08 05:32:43,675 ] - |     TRAIN|        29|      3600|    33.012|0.00049347|
[ INFO : 2026-04-08 05:33:28,916 ] - |     TRAIN|        29|      3700|    33.011|0.00049323|
[ INFO : 2026-04-08 05:35:29,277 ] - |     TRAIN|        29|      3800|    33.015|0.00049299|
[ INFO : 2026-04-08 05:36:03,925 ] - |     TRAIN|        29|      3900|     33.02|0.00049274|
[ INFO : 2026-04-08 05:36:38,473 ] - |     TRAIN|        29|      4000|    33.018| 0.0004925|
[ INFO : 2026-04-08 05:37:13,089 ] - |     TRAIN|        29|      4100|    33.018|0.00049226|
[ INFO : 2026-04-08 05:37:47,656 ] - |     TRAIN|        29|      4200|     33.02|0.00049202|
[ INFO : 2026-04-08 05:38:22,242 ] - |     TRAIN|        29|      4300|    33.023|0.00049177|
[ INFO : 2026-04-08 05:38:56,859 ] - |     TRAIN|        29|      4400|    33.018|0.00049153|
[ INFO : 2026-04-08 05:39:32,726 ] - |     TRAIN|        29|      4500|    33.019|0.00049129|
[ INFO : 2026-04-08 05:40:12,022 ] - |     TRAIN|        29|      4600|    33.015|0.00049105|
[ INFO : 2026-04-08 05:40:57,268 ] - |     TRAIN|        29|      4700|    33.015|0.00049081|
[ INFO : 2026-04-08 05:41:42,771 ] - |     TRAIN|        29|      4800|    33.009|0.00049057|
[ INFO : 2026-04-08 05:42:27,752 ] - |     TRAIN|        29|      4900|    33.014|0.00049033|
[ INFO : 2026-04-08 05:43:12,678 ] - |     TRAIN|        29|      5000|    33.021|0.00049008|
/share/workspace3/maduo/codebase/wesep_wenet/examples/visual/voxceleb2mix/wesep/utils/executor.py:187: FutureWarning: `torch.cuda.amp.autocast(args...)` is deprecated. Please use `torch.amp.autocast('cuda', args...)` instead.
  with torch.cuda.amp.autocast(enabled=enable_amp):
[ INFO : 2026-04-08 05:43:55,348 ] - |       VAL|        29|       100|    32.966|         -|
[ INFO : 2026-04-08 05:44:27,331 ] - |       VAL|        29|       200|    33.152|         -|
[ INFO : 2026-04-08 05:44:58,531 ] - |       VAL|        29|       300|    33.078|         -|
[ INFO : 2026-04-08 05:45:30,008 ] - |       VAL|        29|       400|    33.033|         -|
[ INFO : 2026-04-08 05:46:01,316 ] - |       VAL|        29|       500|    33.084|         -|
[ INFO : 2026-04-08 05:46:32,642 ] - |       VAL|        29|       600|    33.064|         -|
[ INFO : 2026-04-08 05:47:03,958 ] - |       VAL|        29|       700|    33.057|         -|
[ INFO : 2026-04-08 05:47:34,287 ] - |       VAL|        29|       800|    33.074|         -|
[ INFO : 2026-04-08 05:48:05,546 ] - |       VAL|        29|       900|    33.057|         -|
[ INFO : 2026-04-08 05:48:37,004 ] - |       VAL|        29|      1000|    33.034|         -|
[ INFO : 2026-04-08 05:49:08,038 ] - |       VAL|        29|      1100|    33.057|         -|
[ INFO : 2026-04-08 05:49:39,447 ] - |       VAL|        29|      1200|    33.057|         -|
[ INFO : 2026-04-08 05:49:55,250 ] - Epoch 29 Train info train_loss 33.020897423553464
[ INFO : 2026-04-08 05:49:55,250 ] - Epoch 29 Val info val_loss 33.0421603302002
[ INFO : 2026-04-08 05:51:08,821 ] - |     TRAIN|        30|       100|    33.642|0.00048984|
[ INFO : 2026-04-08 05:51:43,734 ] - |     TRAIN|        30|       200|    33.375| 0.0004896|
[ INFO : 2026-04-08 05:52:18,673 ] - |     TRAIN|        30|       300|    33.286|0.00048936|
[ INFO : 2026-04-08 05:52:53,475 ] - |     TRAIN|        30|       400|    33.273|0.00048912|
[ INFO : 2026-04-08 05:53:30,845 ] - |     TRAIN|        30|       500|    33.278|0.00048888|
[ INFO : 2026-04-08 05:54:11,640 ] - |     TRAIN|        30|       600|    33.289|0.00048864|
[ INFO : 2026-04-08 05:54:55,485 ] - |     TRAIN|        30|       700|    33.322| 0.0004884|
[ INFO : 2026-04-08 05:55:42,925 ] - |     TRAIN|        30|       800|    33.313|0.00048816|
[ INFO : 2026-04-08 05:56:29,221 ] - |     TRAIN|        30|       900|    33.262|0.00048792|
[ INFO : 2026-04-08 05:57:15,568 ] - |     TRAIN|        30|      1000|    33.257|0.00048768|
[ INFO : 2026-04-08 05:58:01,367 ] - |     TRAIN|        30|      1100|    33.259|0.00048744|
[ INFO : 2026-04-08 05:58:47,181 ] - |     TRAIN|        30|      1200|    33.254| 0.0004872|
[ INFO : 2026-04-08 06:02:41,970 ] - |     TRAIN|        30|      1300|    33.252|0.00048696|
[ INFO : 2026-04-08 06:03:19,994 ] - |     TRAIN|        30|      1400|    33.236|0.00048672|
[ INFO : 2026-04-08 06:03:58,033 ] - |     TRAIN|        30|      1500|    33.201|0.00048648|
[ INFO : 2026-04-08 06:04:47,524 ] - |     TRAIN|        30|      1600|    33.201|0.00048624|
[ INFO : 2026-04-08 06:05:33,042 ] - |     TRAIN|        30|      1700|     33.19|  0.000486|
[ INFO : 2026-04-08 06:06:10,105 ] - |     TRAIN|        30|      1800|    33.193|0.00048576|
[ INFO : 2026-04-08 06:06:46,382 ] - |     TRAIN|        30|      1900|    33.185|0.00048553|
[ INFO : 2026-04-08 06:07:23,708 ] - |     TRAIN|        30|      2000|    33.179|0.00048529|
[ INFO : 2026-04-08 06:07:58,905 ] - |     TRAIN|        30|      2100|    33.157|0.00048505|
[ INFO : 2026-04-08 06:08:41,076 ] - |     TRAIN|        30|      2200|     33.16|0.00048481|
[ INFO : 2026-04-08 06:09:30,888 ] - |     TRAIN|        30|      2300|    33.166|0.00048457|
[ INFO : 2026-04-08 06:10:19,226 ] - |     TRAIN|        30|      2400|    33.176|0.00048433|
[ INFO : 2026-04-08 06:11:07,278 ] - |     TRAIN|        30|      2500|    33.182|0.00048409|
[ INFO : 2026-04-08 06:14:45,892 ] - |     TRAIN|        30|      2600|    33.183|0.00048386|
[ INFO : 2026-04-08 06:15:20,468 ] - |     TRAIN|        30|      2700|    33.187|0.00048362|
[ INFO : 2026-04-08 06:15:55,695 ] - |     TRAIN|        30|      2800|    33.182|0.00048338|
[ INFO : 2026-04-08 06:16:43,386 ] - |     TRAIN|        30|      2900|    33.175|0.00048314|
[ INFO : 2026-04-08 06:17:19,126 ] - |     TRAIN|        30|      3000|    33.176|0.00048291|
[ INFO : 2026-04-08 06:17:54,557 ] - |     TRAIN|        30|      3100|    33.178|0.00048267|
[ INFO : 2026-04-08 06:18:29,013 ] - |     TRAIN|        30|      3200|    33.176|0.00048243|
[ INFO : 2026-04-08 06:19:03,718 ] - |     TRAIN|        30|      3300|    33.177|0.00048219|
[ INFO : 2026-04-08 06:19:44,040 ] - |     TRAIN|        30|      3400|    33.175|0.00048196|
[ INFO : 2026-04-08 06:20:32,658 ] - |     TRAIN|        30|      3500|    33.173|0.00048172|
[ INFO : 2026-04-08 06:21:20,150 ] - |     TRAIN|        30|      3600|    33.171|0.00048148|
[ INFO : 2026-04-08 06:22:07,233 ] - |     TRAIN|        30|      3700|    33.166|0.00048125|
[ INFO : 2026-04-08 06:25:56,905 ] - |     TRAIN|        30|      3800|    33.167|0.00048101|
[ INFO : 2026-04-08 06:26:33,530 ] - |     TRAIN|        30|      3900|    33.168|0.00048077|
[ INFO : 2026-04-08 06:27:09,125 ] - |     TRAIN|        30|      4000|    33.168|0.00048054|
[ INFO : 2026-04-08 06:27:43,962 ] - |     TRAIN|        30|      4100|    33.161| 0.0004803|
[ INFO : 2026-04-08 06:28:18,466 ] - |     TRAIN|        30|      4200|    33.157|0.00048006|
[ INFO : 2026-04-08 06:28:52,949 ] - |     TRAIN|        30|      4300|    33.161|0.00047983|
[ INFO : 2026-04-08 06:29:28,030 ] - |     TRAIN|        30|      4400|    33.161|0.00047959|
[ INFO : 2026-04-08 06:30:05,012 ] - |     TRAIN|        30|      4500|     33.16|0.00047936|
[ INFO : 2026-04-08 06:30:47,013 ] - |     TRAIN|        30|      4600|    33.159|0.00047912|
[ INFO : 2026-04-08 06:31:33,078 ] - |     TRAIN|        30|      4700|    33.161|0.00047888|
[ INFO : 2026-04-08 06:32:20,339 ] - |     TRAIN|        30|      4800|    33.159|0.00047865|
[ INFO : 2026-04-08 06:33:06,977 ] - |     TRAIN|        30|      4900|    33.156|0.00047841|
[ INFO : 2026-04-08 06:33:53,601 ] - |     TRAIN|        30|      5000|     33.16|0.00047818|
/share/workspace3/maduo/codebase/wesep_wenet/examples/visual/voxceleb2mix/wesep/utils/executor.py:187: FutureWarning: `torch.cuda.amp.autocast(args...)` is deprecated. Please use `torch.amp.autocast('cuda', args...)` instead.
  with torch.cuda.amp.autocast(enabled=enable_amp):
[ INFO : 2026-04-08 06:34:48,108 ] - |       VAL|        30|       100|    33.375|         -|
[ INFO : 2026-04-08 06:35:23,596 ] - |       VAL|        30|       200|    33.265|         -|
[ INFO : 2026-04-08 06:36:17,919 ] - |       VAL|        30|       300|     33.17|         -|
[ INFO : 2026-04-08 06:37:22,161 ] - |       VAL|        30|       400|    33.166|         -|
[ INFO : 2026-04-08 06:38:24,754 ] - |       VAL|        30|       500|    33.163|         -|
[ INFO : 2026-04-08 06:39:24,432 ] - |       VAL|        30|       600|     33.18|         -|
[ INFO : 2026-04-08 06:40:22,790 ] - |       VAL|        30|       700|    33.204|         -|
[ INFO : 2026-04-08 06:41:21,975 ] - |       VAL|        30|       800|    33.193|         -|
[ INFO : 2026-04-08 06:42:22,729 ] - |       VAL|        30|       900|      33.2|         -|
[ INFO : 2026-04-08 06:43:17,596 ] - |       VAL|        30|      1000|    33.177|         -|
[ INFO : 2026-04-08 06:44:13,980 ] - |       VAL|        30|      1100|    33.167|         -|
[ INFO : 2026-04-08 06:44:59,685 ] - |       VAL|        30|      1200|    33.194|         -|
[ INFO : 2026-04-08 06:45:17,302 ] - Epoch 30 Train info train_loss 33.15979486198425
[ INFO : 2026-04-08 06:45:17,302 ] - Epoch 30 Val info val_loss 33.19692872924805
[ INFO : 2026-04-08 06:47:01,644 ] - |     TRAIN|        31|       100|    32.997|0.00047794|
[ INFO : 2026-04-08 06:47:36,891 ] - |     TRAIN|        31|       200|    33.107|0.00047771|
[ INFO : 2026-04-08 06:48:11,964 ] - |     TRAIN|        31|       300|     33.11|0.00047747|
[ INFO : 2026-04-08 06:48:46,948 ] - |     TRAIN|        31|       400|    33.112|0.00047724|
[ INFO : 2026-04-08 06:49:25,500 ] - |     TRAIN|        31|       500|    33.126|  0.000477|
[ INFO : 2026-04-08 06:50:07,667 ] - |     TRAIN|        31|       600|    33.193|0.00047677|
[ INFO : 2026-04-08 06:50:51,812 ] - |     TRAIN|        31|       700|    33.188|0.00047654|
[ INFO : 2026-04-08 06:51:39,689 ] - |     TRAIN|        31|       800|    33.177| 0.0004763|
[ INFO : 2026-04-08 06:52:26,186 ] - |     TRAIN|        31|       900|    33.172|0.00047607|
[ INFO : 2026-04-08 06:53:12,548 ] - |     TRAIN|        31|      1000|    33.197|0.00047583|
[ INFO : 2026-04-08 06:53:58,788 ] - |     TRAIN|        31|      1100|    33.215| 0.0004756|
[ INFO : 2026-04-08 06:54:46,586 ] - |     TRAIN|        31|      1200|    33.215|0.00047536|
[ INFO : 2026-04-08 06:56:53,684 ] - |     TRAIN|        31|      1300|    33.225|0.00047513|
[ INFO : 2026-04-08 06:57:28,577 ] - |     TRAIN|        31|      1400|    33.242| 0.0004749|
[ INFO : 2026-04-08 06:58:04,213 ] - |     TRAIN|        31|      1500|    33.249|0.00047466|
[ INFO : 2026-04-08 06:58:50,156 ] - |     TRAIN|        31|      1600|    33.248|0.00047443|
[ INFO : 2026-04-08 06:59:31,191 ] - |     TRAIN|        31|      1700|     33.24| 0.0004742|
[ INFO : 2026-04-08 07:00:06,058 ] - |     TRAIN|        31|      1800|    33.226|0.00047396|
[ INFO : 2026-04-08 07:00:40,849 ] - |     TRAIN|        31|      1900|    33.216|0.00047373|
[ INFO : 2026-04-08 07:01:16,511 ] - |     TRAIN|        31|      2000|     33.21| 0.0004735|
[ INFO : 2026-04-08 07:01:56,408 ] - |     TRAIN|        31|      2100|    33.202|0.00047326|
[ INFO : 2026-04-08 07:02:40,628 ] - |     TRAIN|        31|      2200|    33.205|0.00047303|
[ INFO : 2026-04-08 07:03:26,604 ] - |     TRAIN|        31|      2300|    33.209| 0.0004728|
[ INFO : 2026-04-08 07:04:11,875 ] - |     TRAIN|        31|      2400|    33.216|0.00047257|
[ INFO : 2026-04-08 07:04:56,851 ] - |     TRAIN|        31|      2500|     33.23|0.00047233|
[ INFO : 2026-04-08 07:07:21,673 ] - |     TRAIN|        31|      2600|    33.235| 0.0004721|
[ INFO : 2026-04-08 07:07:56,444 ] - |     TRAIN|        31|      2700|     33.24|0.00047187|
[ INFO : 2026-04-08 07:08:31,401 ] - |     TRAIN|        31|      2800|    33.248|0.00047164|
[ INFO : 2026-04-08 07:09:06,367 ] - |     TRAIN|        31|      2900|    33.263|0.00047141|
[ INFO : 2026-04-08 07:09:41,253 ] - |     TRAIN|        31|      3000|    33.272|0.00047117|
[ INFO : 2026-04-08 07:10:16,136 ] - |     TRAIN|        31|      3100|    33.288|0.00047094|
[ INFO : 2026-04-08 07:10:51,038 ] - |     TRAIN|        31|      3200|    33.293|0.00047071|
[ INFO : 2026-04-08 07:11:28,518 ] - |     TRAIN|        31|      3300|      33.3|0.00047048|
[ INFO : 2026-04-08 07:12:09,996 ] - |     TRAIN|        31|      3400|    33.303|0.00047025|
[ INFO : 2026-04-08 07:12:56,430 ] - |     TRAIN|        31|      3500|    33.307|0.00047002|
[ INFO : 2026-04-08 07:13:41,783 ] - |     TRAIN|        31|      3600|      33.3|0.00046979|
[ INFO : 2026-04-08 07:14:26,866 ] - |     TRAIN|        31|      3700|    33.297|0.00046956|
[ INFO : 2026-04-08 07:16:55,094 ] - |     TRAIN|        31|      3800|    33.303|0.00046932|
[ INFO : 2026-04-08 07:17:29,886 ] - |     TRAIN|        31|      3900|    33.308|0.00046909|
[ INFO : 2026-04-08 07:18:04,780 ] - |     TRAIN|        31|      4000|    33.306|0.00046886|
[ INFO : 2026-04-08 07:18:39,666 ] - |     TRAIN|        31|      4100|    33.306|0.00046863|
[ INFO : 2026-04-08 07:19:14,499 ] - |     TRAIN|        31|      4200|     33.31| 0.0004684|
[ INFO : 2026-04-08 07:19:49,387 ] - |     TRAIN|        31|      4300|    33.307|0.00046817|
[ INFO : 2026-04-08 07:20:24,260 ] - |     TRAIN|        31|      4400|     33.31|0.00046794|
[ INFO : 2026-04-08 07:20:59,972 ] - |     TRAIN|        31|      4500|    33.321|0.00046771|
[ INFO : 2026-04-08 07:21:39,002 ] - |     TRAIN|        31|      4600|    33.323|0.00046748|
[ INFO : 2026-04-08 07:22:23,882 ] - |     TRAIN|        31|      4700|    33.331|0.00046725|
[ INFO : 2026-04-08 07:23:09,487 ] - |     TRAIN|        31|      4800|    33.338|0.00046702|
[ INFO : 2026-04-08 07:23:54,322 ] - |     TRAIN|        31|      4900|    33.347|0.00046679|
[ INFO : 2026-04-08 07:24:39,407 ] - |     TRAIN|        31|      5000|    33.352|0.00046656|
/share/workspace3/maduo/codebase/wesep_wenet/examples/visual/voxceleb2mix/wesep/utils/executor.py:187: FutureWarning: `torch.cuda.amp.autocast(args...)` is deprecated. Please use `torch.amp.autocast('cuda', args...)` instead.
  with torch.cuda.amp.autocast(enabled=enable_amp):
[ INFO : 2026-04-08 07:25:21,745 ] - |       VAL|        31|       100|    33.473|         -|
[ INFO : 2026-04-08 07:25:53,274 ] - |       VAL|        31|       200|    33.451|         -|
[ INFO : 2026-04-08 07:26:24,824 ] - |       VAL|        31|       300|    33.496|         -|
[ INFO : 2026-04-08 07:26:55,780 ] - |       VAL|        31|       400|    33.536|         -|
[ INFO : 2026-04-08 07:27:27,062 ] - |       VAL|        31|       500|    33.529|         -|
[ INFO : 2026-04-08 07:27:57,751 ] - |       VAL|        31|       600|    33.474|         -|
[ INFO : 2026-04-08 07:28:29,493 ] - |       VAL|        31|       700|    33.456|         -|
[ INFO : 2026-04-08 07:29:00,846 ] - |       VAL|        31|       800|    33.456|         -|
[ INFO : 2026-04-08 07:29:32,274 ] - |       VAL|        31|       900|    33.448|         -|
[ INFO : 2026-04-08 07:30:03,038 ] - |       VAL|        31|      1000|     33.44|         -|
[ INFO : 2026-04-08 07:30:34,560 ] - |       VAL|        31|      1100|    33.466|         -|
[ INFO : 2026-04-08 07:31:05,961 ] - |       VAL|        31|      1200|    33.467|         -|
[ INFO : 2026-04-08 07:31:21,571 ] - Epoch 31 Train info train_loss 33.3519997631073
[ INFO : 2026-04-08 07:31:21,571 ] - Epoch 31 Val info val_loss 33.46563818511963
[ INFO : 2026-04-08 07:32:27,698 ] - |     TRAIN|        32|       100|    33.509|0.00046633|
[ INFO : 2026-04-08 07:33:02,596 ] - |     TRAIN|        32|       200|    33.398| 0.0004661|
[ INFO : 2026-04-08 07:33:37,613 ] - |     TRAIN|        32|       300|    33.508|0.00046587|
[ INFO : 2026-04-08 07:34:12,561 ] - |     TRAIN|        32|       400|    33.436|0.00046565|
[ INFO : 2026-04-08 07:34:47,359 ] - |     TRAIN|        32|       500|    33.394|0.00046542|
[ INFO : 2026-04-08 07:35:22,860 ] - |     TRAIN|        32|       600|    33.355|0.00046519|
[ INFO : 2026-04-08 07:36:01,283 ] - |     TRAIN|        32|       700|    33.352|0.00046496|
[ INFO : 2026-04-08 07:36:39,854 ] - |     TRAIN|        32|       800|    33.366|0.00046473|
[ INFO : 2026-04-08 07:37:21,060 ] - |     TRAIN|        32|       900|     33.36| 0.0004645|
[ INFO : 2026-04-08 07:38:07,007 ] - |     TRAIN|        32|      1000|    33.324|0.00046427|
[ INFO : 2026-04-08 07:38:51,879 ] - |     TRAIN|        32|      1100|    33.337|0.00046404|
[ INFO : 2026-04-08 07:39:36,116 ] - |     TRAIN|        32|      1200|     33.35|0.00046382|
[ INFO : 2026-04-08 07:41:08,223 ] - |     TRAIN|        32|      1300|    33.339|0.00046359|
[ INFO : 2026-04-08 07:41:43,131 ] - |     TRAIN|        32|      1400|    33.342|0.00046336|
[ INFO : 2026-04-08 07:42:18,097 ] - |     TRAIN|        32|      1500|     33.38|0.00046313|
[ INFO : 2026-04-08 07:42:53,232 ] - |     TRAIN|        32|      1600|    33.401|0.00046291|
[ INFO : 2026-04-08 07:43:28,071 ] - |     TRAIN|        32|      1700|     33.41|0.00046268|
[ INFO : 2026-04-08 07:44:02,869 ] - |     TRAIN|        32|      1800|    33.408|0.00046245|
[ INFO : 2026-04-08 07:44:40,222 ] - |     TRAIN|        32|      1900|    33.402|0.00046222|
[ INFO : 2026-04-08 07:45:19,263 ] - |     TRAIN|        32|      2000|    33.395|  0.000462|
[ INFO : 2026-04-08 07:45:58,366 ] - |     TRAIN|        32|      2100|    33.382|0.00046177|
[ INFO : 2026-04-08 07:46:43,881 ] - |     TRAIN|        32|      2200|    33.397|0.00046154|
[ INFO : 2026-04-08 07:47:31,587 ] - |     TRAIN|        32|      2300|    33.397|0.00046131|
[ INFO : 2026-04-08 07:48:18,599 ] - |     TRAIN|        32|      2400|    33.385|0.00046109|
[ INFO : 2026-04-08 07:49:05,239 ] - |     TRAIN|        32|      2500|    33.367|0.00046086|
[ INFO : 2026-04-08 07:50:48,852 ] - |     TRAIN|        32|      2600|    33.359|0.00046063|
[ INFO : 2026-04-08 07:51:28,119 ] - |     TRAIN|        32|      2700|    33.356|0.00046041|
[ INFO : 2026-04-08 07:52:02,842 ] - |     TRAIN|        32|      2800|    33.362|0.00046018|
[ INFO : 2026-04-08 07:52:37,549 ] - |     TRAIN|        32|      2900|    33.368|0.00045995|
[ INFO : 2026-04-08 07:53:12,251 ] - |     TRAIN|        32|      3000|    33.362|0.00045973|
[ INFO : 2026-04-08 07:53:46,891 ] - |     TRAIN|        32|      3100|    33.368| 0.0004595|
[ INFO : 2026-04-08 07:54:23,313 ] - |     TRAIN|        32|      3200|    33.371|0.00045928|
[ INFO : 2026-04-08 07:55:02,609 ] - |     TRAIN|        32|      3300|    33.366|0.00045905|
[ INFO : 2026-04-08 07:55:43,102 ] - |     TRAIN|        32|      3400|    33.364|0.00045882|
[ INFO : 2026-04-08 07:56:29,171 ] - |     TRAIN|        32|      3500|    33.359| 0.0004586|
[ INFO : 2026-04-08 07:57:13,899 ] - |     TRAIN|        32|      3600|     33.36|0.00045837|
[ INFO : 2026-04-08 07:57:58,286 ] - |     TRAIN|        32|      3700|    33.364|0.00045815|
[ INFO : 2026-04-08 08:00:00,226 ] - |     TRAIN|        32|      3800|    33.367|0.00045792|
[ INFO : 2026-04-08 08:00:34,957 ] - |     TRAIN|        32|      3900|    33.372| 0.0004577|
[ INFO : 2026-04-08 08:01:09,639 ] - |     TRAIN|        32|      4000|    33.374|0.00045747|
[ INFO : 2026-04-08 08:01:44,325 ] - |     TRAIN|        32|      4100|     33.38|0.00045725|
[ INFO : 2026-04-08 08:02:18,968 ] - |     TRAIN|        32|      4200|    33.385|0.00045702|
[ INFO : 2026-04-08 08:02:53,662 ] - |     TRAIN|        32|      4300|    33.391| 0.0004568|
[ INFO : 2026-04-08 08:03:28,387 ] - |     TRAIN|        32|      4400|    33.393|0.00045657|
[ INFO : 2026-04-08 08:04:06,716 ] - |     TRAIN|        32|      4500|    33.397|0.00045635|
[ INFO : 2026-04-08 08:04:46,047 ] - |     TRAIN|        32|      4600|    33.406|0.00045612|
[ INFO : 2026-04-08 08:05:30,988 ] - |     TRAIN|        32|      4700|    33.415| 0.0004559|
[ INFO : 2026-04-08 08:06:16,705 ] - |     TRAIN|        32|      4800|    33.422|0.00045568|
[ INFO : 2026-04-08 08:07:01,089 ] - |     TRAIN|        32|      4900|    33.432|0.00045545|
[ INFO : 2026-04-08 08:07:45,973 ] - |     TRAIN|        32|      5000|    33.428|0.00045523|
/share/workspace3/maduo/codebase/wesep_wenet/examples/visual/voxceleb2mix/wesep/utils/executor.py:187: FutureWarning: `torch.cuda.amp.autocast(args...)` is deprecated. Please use `torch.amp.autocast('cuda', args...)` instead.
  with torch.cuda.amp.autocast(enabled=enable_amp):
[ INFO : 2026-04-08 08:08:28,562 ] - |       VAL|        32|       100|     33.59|         -|
[ INFO : 2026-04-08 08:09:13,473 ] - |       VAL|        32|       200|    33.632|         -|
[ INFO : 2026-04-08 08:09:44,739 ] - |       VAL|        32|       300|     33.48|         -|
[ INFO : 2026-04-08 08:10:15,876 ] - |       VAL|        32|       400|    33.478|         -|
[ INFO : 2026-04-08 08:10:46,991 ] - |       VAL|        32|       500|    33.499|         -|
[ INFO : 2026-04-08 08:11:18,324 ] - |       VAL|        32|       600|    33.504|         -|
[ INFO : 2026-04-08 08:11:49,234 ] - |       VAL|        32|       700|    33.517|         -|
[ INFO : 2026-04-08 08:12:20,143 ] - |       VAL|        32|       800|    33.535|         -|
[ INFO : 2026-04-08 08:12:51,021 ] - |       VAL|        32|       900|    33.516|         -|
[ INFO : 2026-04-08 08:13:22,238 ] - |       VAL|        32|      1000|    33.478|         -|
[ INFO : 2026-04-08 08:13:53,308 ] - |       VAL|        32|      1100|    33.485|         -|
[ INFO : 2026-04-08 08:14:24,147 ] - |       VAL|        32|      1200|    33.494|         -|
[ INFO : 2026-04-08 08:14:39,805 ] - Epoch 32 Train info train_loss 33.4278378036499
[ INFO : 2026-04-08 08:14:39,805 ] - Epoch 32 Val info val_loss 33.50885393371582
[ INFO : 2026-04-08 08:15:46,367 ] - |     TRAIN|        33|       100|    33.427|  0.000455|
[ INFO : 2026-04-08 08:16:21,841 ] - |     TRAIN|        33|       200|    33.504|0.00045478|
[ INFO : 2026-04-08 08:16:56,866 ] - |     TRAIN|        33|       300|    33.458|0.00045456|
[ INFO : 2026-04-08 08:17:31,783 ] - |     TRAIN|        33|       400|    33.477|0.00045433|
[ INFO : 2026-04-08 08:18:09,148 ] - |     TRAIN|        33|       500|    33.471|0.00045411|
[ INFO : 2026-04-08 08:18:49,612 ] - |     TRAIN|        33|       600|     33.51|0.00045389|
[ INFO : 2026-04-08 08:19:33,254 ] - |     TRAIN|        33|       700|    33.552|0.00045366|
[ INFO : 2026-04-08 08:20:20,374 ] - |     TRAIN|        33|       800|    33.568|0.00045344|
[ INFO : 2026-04-08 08:21:06,826 ] - |     TRAIN|        33|       900|    33.543|0.00045322|
[ INFO : 2026-04-08 08:21:53,028 ] - |     TRAIN|        33|      1000|    33.556|0.00045299|
[ INFO : 2026-04-08 08:22:39,271 ] - |     TRAIN|        33|      1100|     33.55|0.00045277|
[ INFO : 2026-04-08 08:23:25,361 ] - |     TRAIN|        33|      1200|    33.566|0.00045255|
[ INFO : 2026-04-08 08:25:22,451 ] - |     TRAIN|        33|      1300|    33.577|0.00045233|
[ INFO : 2026-04-08 08:26:00,752 ] - |     TRAIN|        33|      1400|    33.553| 0.0004521|
[ INFO : 2026-04-08 08:26:35,663 ] - |     TRAIN|        33|      1500|    33.523|0.00045188|
[ INFO : 2026-04-08 08:27:14,069 ] - |     TRAIN|        33|      1600|    33.506|0.00045166|
[ INFO : 2026-04-08 08:27:49,761 ] - |     TRAIN|        33|      1700|    33.486|0.00045144|
[ INFO : 2026-04-08 08:28:24,668 ] - |     TRAIN|        33|      1800|     33.48|0.00045122|
[ INFO : 2026-04-08 08:28:59,646 ] - |     TRAIN|        33|      1900|    33.469|0.00045099|
[ INFO : 2026-04-08 08:29:34,626 ] - |     TRAIN|        33|      2000|    33.464|0.00045077|
[ INFO : 2026-04-08 08:30:13,525 ] - |     TRAIN|        33|      2100|    33.457|0.00045055|
[ INFO : 2026-04-08 08:30:54,797 ] - |     TRAIN|        33|      2200|    33.443|0.00045033|
[ INFO : 2026-04-08 08:31:40,911 ] - |     TRAIN|        33|      2300|    33.431|0.00045011|
[ INFO : 2026-04-08 08:32:26,132 ] - |     TRAIN|        33|      2400|    33.419|0.00044989|
[ INFO : 2026-04-08 08:33:10,580 ] - |     TRAIN|        33|      2500|    33.406|0.00044967|
[ INFO : 2026-04-08 08:34:58,628 ] - |     TRAIN|        33|      2600|    33.403|0.00044944|
[ INFO : 2026-04-08 08:35:42,242 ] - |     TRAIN|        33|      2700|    33.391|0.00044922|
[ INFO : 2026-04-08 08:36:16,946 ] - |     TRAIN|        33|      2800|     33.38|  0.000449|
[ INFO : 2026-04-08 08:36:51,658 ] - |     TRAIN|        33|      2900|     33.38|0.00044878|
[ INFO : 2026-04-08 08:37:26,328 ] - |     TRAIN|        33|      3000|    33.365|0.00044856|
[ INFO : 2026-04-08 08:38:00,915 ] - |     TRAIN|        33|      3100|    33.358|0.00044834|
[ INFO : 2026-04-08 08:38:35,499 ] - |     TRAIN|        33|      3200|    33.351|0.00044812|
[ INFO : 2026-04-08 08:39:11,373 ] - |     TRAIN|        33|      3300|     33.34| 0.0004479|
[ INFO : 2026-04-08 08:39:53,076 ] - |     TRAIN|        33|      3400|    33.334|0.00044768|
[ INFO : 2026-04-08 08:40:39,214 ] - |     TRAIN|        33|      3500|    33.331|0.00044746|
[ INFO : 2026-04-08 08:41:24,251 ] - |     TRAIN|        33|      3600|     33.33|0.00044724|
[ INFO : 2026-04-08 08:42:09,511 ] - |     TRAIN|        33|      3700|    33.329|0.00044702|
[ INFO : 2026-04-08 08:44:52,823 ] - |     TRAIN|        33|      3800|    33.322| 0.0004468|
[ INFO : 2026-04-08 08:45:27,332 ] - |     TRAIN|        33|      3900|    33.318|0.00044658|
[ INFO : 2026-04-08 08:46:01,847 ] - |     TRAIN|        33|      4000|    33.319|0.00044636|
[ INFO : 2026-04-08 08:46:36,537 ] - |     TRAIN|        33|      4100|    33.315|0.00044614|
[ INFO : 2026-04-08 08:47:11,148 ] - |     TRAIN|        33|      4200|    33.321|0.00044592|
[ INFO : 2026-04-08 08:47:45,840 ] - |     TRAIN|        33|      4300|    33.327| 0.0004457|
[ INFO : 2026-04-08 08:48:20,438 ] - |     TRAIN|        33|      4400|    33.326|0.00044548|
[ INFO : 2026-04-08 08:48:55,055 ] - |     TRAIN|        33|      4500|    33.314|0.00044526|
[ INFO : 2026-04-08 08:49:34,619 ] - |     TRAIN|        33|      4600|    33.313|0.00044504|
[ INFO : 2026-04-08 08:50:20,855 ] - |     TRAIN|        33|      4700|    33.323|0.00044483|
[ INFO : 2026-04-08 08:51:07,553 ] - |     TRAIN|        33|      4800|    33.321|0.00044461|
[ INFO : 2026-04-08 08:51:52,852 ] - |     TRAIN|        33|      4900|    33.316|0.00044439|
[ INFO : 2026-04-08 08:52:38,132 ] - |     TRAIN|        33|      5000|    33.314|0.00044417|
/share/workspace3/maduo/codebase/wesep_wenet/examples/visual/voxceleb2mix/wesep/utils/executor.py:187: FutureWarning: `torch.cuda.amp.autocast(args...)` is deprecated. Please use `torch.amp.autocast('cuda', args...)` instead.
  with torch.cuda.amp.autocast(enabled=enable_amp):
[ INFO : 2026-04-08 08:53:24,646 ] - |       VAL|        33|       100|     33.04|         -|
[ INFO : 2026-04-08 08:54:01,724 ] - |       VAL|        33|       200|    33.095|         -|
[ INFO : 2026-04-08 08:54:36,016 ] - |       VAL|        33|       300|    33.093|         -|
[ INFO : 2026-04-08 08:55:07,660 ] - |       VAL|        33|       400|    33.168|         -|
[ INFO : 2026-04-08 08:55:39,330 ] - |       VAL|        33|       500|    33.216|         -|
[ INFO : 2026-04-08 08:56:11,012 ] - |       VAL|        33|       600|    33.218|         -|
[ INFO : 2026-04-08 08:56:42,551 ] - |       VAL|        33|       700|    33.198|         -|
[ INFO : 2026-04-08 08:57:14,015 ] - |       VAL|        33|       800|    33.198|         -|
[ INFO : 2026-04-08 08:57:45,551 ] - |       VAL|        33|       900|    33.181|         -|
[ INFO : 2026-04-08 08:58:16,940 ] - |       VAL|        33|      1000|    33.137|         -|
[ INFO : 2026-04-08 08:58:48,289 ] - |       VAL|        33|      1100|    33.155|         -|
[ INFO : 2026-04-08 08:59:19,900 ] - |       VAL|        33|      1200|    33.172|         -|
[ INFO : 2026-04-08 08:59:36,338 ] - Epoch 33 Train info train_loss 33.313904608154296
[ INFO : 2026-04-08 08:59:36,338 ] - Epoch 33 Val info val_loss 33.16582141723633
[ INFO : 2026-04-08 09:01:00,822 ] - |     TRAIN|        34|       100|    33.016|0.00044395|
[ INFO : 2026-04-08 09:01:36,024 ] - |     TRAIN|        34|       200|    32.979|0.00044373|
[ INFO : 2026-04-08 09:02:11,248 ] - |     TRAIN|        34|       300|    33.136|0.00044351|
[ INFO : 2026-04-08 09:02:46,297 ] - |     TRAIN|        34|       400|    33.174| 0.0004433|
[ INFO : 2026-04-08 09:03:21,351 ] - |     TRAIN|        34|       500|    33.183|0.00044308|
[ INFO : 2026-04-08 09:04:01,566 ] - |     TRAIN|        34|       600|     33.21|0.00044286|
[ INFO : 2026-04-08 09:04:42,634 ] - |     TRAIN|        34|       700|    33.238|0.00044264|
[ INFO : 2026-04-08 09:05:27,431 ] - |     TRAIN|        34|       800|    33.238|0.00044243|
[ INFO : 2026-04-08 09:06:14,589 ] - |     TRAIN|        34|       900|    33.224|0.00044221|
[ INFO : 2026-04-08 09:07:00,683 ] - |     TRAIN|        34|      1000|    33.206|0.00044199|
[ INFO : 2026-04-08 09:07:46,668 ] - |     TRAIN|        34|      1100|    33.207|0.00044177|
[ INFO : 2026-04-08 09:08:32,849 ] - |     TRAIN|        34|      1200|    33.219|0.00044156|
[ INFO : 2026-04-08 09:10:19,550 ] - |     TRAIN|        34|      1300|     33.22|0.00044134|
[ INFO : 2026-04-08 09:10:54,545 ] - |     TRAIN|        34|      1400|    33.192|0.00044112|
[ INFO : 2026-04-08 09:11:29,734 ] - |     TRAIN|        34|      1500|    33.198| 0.0004409|
[ INFO : 2026-04-08 09:12:09,855 ] - |     TRAIN|        34|      1600|    33.197|0.00044069|
[ INFO : 2026-04-08 09:12:44,949 ] - |     TRAIN|        34|      1700|    33.213|0.00044047|
[ INFO : 2026-04-08 09:13:20,252 ] - |     TRAIN|        34|      1800|    33.207|0.00044025|
[ INFO : 2026-04-08 09:13:55,282 ] - |     TRAIN|        34|      1900|    33.199|0.00044004|
[ INFO : 2026-04-08 09:14:31,490 ] - |     TRAIN|        34|      2000|    33.195|0.00043982|
[ INFO : 2026-04-08 09:15:10,994 ] - |     TRAIN|        34|      2100|    33.191|0.00043961|
[ INFO : 2026-04-08 09:15:52,244 ] - |     TRAIN|        34|      2200|     33.18|0.00043939|
[ INFO : 2026-04-08 09:16:38,535 ] - |     TRAIN|        34|      2300|    33.195|0.00043917|
[ INFO : 2026-04-08 09:17:23,603 ] - |     TRAIN|        34|      2400|    33.183|0.00043896|
[ INFO : 2026-04-08 09:18:08,553 ] - |     TRAIN|        34|      2500|    33.173|0.00043874|
[ INFO : 2026-04-08 09:20:00,644 ] - |     TRAIN|        34|      2600|    33.165|0.00043853|
[ INFO : 2026-04-08 09:20:35,764 ] - |     TRAIN|        34|      2700|    33.161|0.00043831|
[ INFO : 2026-04-08 09:21:10,938 ] - |     TRAIN|        34|      2800|    33.163|0.00043809|
[ INFO : 2026-04-08 09:21:54,943 ] - |     TRAIN|        34|      2900|    33.165|0.00043788|
[ INFO : 2026-04-08 09:22:29,899 ] - |     TRAIN|        34|      3000|    33.162|0.00043766|
[ INFO : 2026-04-08 09:23:04,845 ] - |     TRAIN|        34|      3100|    33.158|0.00043745|
[ INFO : 2026-04-08 09:23:39,822 ] - |     TRAIN|        34|      3200|    33.156|0.00043723|
[ INFO : 2026-04-08 09:24:18,131 ] - |     TRAIN|        34|      3300|    33.162|0.00043702|
[ INFO : 2026-04-08 09:24:59,362 ] - |     TRAIN|        34|      3400|    33.172| 0.0004368|
[ INFO : 2026-04-08 09:25:44,854 ] - |     TRAIN|        34|      3500|    33.177|0.00043659|
[ INFO : 2026-04-08 09:26:29,561 ] - |     TRAIN|        34|      3600|    33.175|0.00043637|
[ INFO : 2026-04-08 09:27:13,910 ] - |     TRAIN|        34|      3700|    33.177|0.00043616|
[ INFO : 2026-04-08 09:29:34,441 ] - |     TRAIN|        34|      3800|    33.163|0.00043595|
[ INFO : 2026-04-08 09:30:09,391 ] - |     TRAIN|        34|      3900|    33.164|0.00043573|
[ INFO : 2026-04-08 09:30:44,316 ] - |     TRAIN|        34|      4000|    33.165|0.00043552|
[ INFO : 2026-04-08 09:31:19,297 ] - |     TRAIN|        34|      4100|    33.154| 0.0004353|
[ INFO : 2026-04-08 09:31:54,022 ] - |     TRAIN|        34|      4200|    33.156|0.00043509|
[ INFO : 2026-04-08 09:32:28,742 ] - |     TRAIN|        34|      4300|    33.151|0.00043487|
[ INFO : 2026-04-08 09:33:03,447 ] - |     TRAIN|        34|      4400|    33.151|0.00043466|
[ INFO : 2026-04-08 09:33:40,707 ] - |     TRAIN|        34|      4500|    33.147|0.00043445|
[ INFO : 2026-04-08 09:34:21,997 ] - |     TRAIN|        34|      4600|    33.138|0.00043423|
[ INFO : 2026-04-08 09:35:11,994 ] - |     TRAIN|        34|      4700|    33.139|0.00043402|
[ INFO : 2026-04-08 09:35:59,870 ] - |     TRAIN|        34|      4800|     33.14|0.00043381|
[ INFO : 2026-04-08 09:36:47,740 ] - |     TRAIN|        34|      4900|    33.135|0.00043359|
[ INFO : 2026-04-08 09:37:35,166 ] - |     TRAIN|        34|      5000|    33.127|0.00043338|
/share/workspace3/maduo/codebase/wesep_wenet/examples/visual/voxceleb2mix/wesep/utils/executor.py:187: FutureWarning: `torch.cuda.amp.autocast(args...)` is deprecated. Please use `torch.amp.autocast('cuda', args...)` instead.
  with torch.cuda.amp.autocast(enabled=enable_amp):
[ INFO : 2026-04-08 09:38:31,812 ] - |       VAL|        34|       100|    33.311|         -|
[ INFO : 2026-04-08 09:39:17,101 ] - |       VAL|        34|       200|    33.207|         -|
[ INFO : 2026-04-08 09:40:04,254 ] - |       VAL|        34|       300|    33.159|         -|
[ INFO : 2026-04-08 09:40:47,734 ] - |       VAL|        34|       400|     33.18|         -|
[ INFO : 2026-04-08 09:41:31,315 ] - |       VAL|        34|       500|    33.234|         -|
[ INFO : 2026-04-08 09:42:15,697 ] - |       VAL|        34|       600|    33.234|         -|
[ INFO : 2026-04-08 09:42:59,617 ] - |       VAL|        34|       700|    33.183|         -|
[ INFO : 2026-04-08 09:43:43,309 ] - |       VAL|        34|       800|    33.215|         -|
[ INFO : 2026-04-08 09:44:28,424 ] - |       VAL|        34|       900|    33.199|         -|
[ INFO : 2026-04-08 09:45:16,717 ] - |       VAL|        34|      1000|    33.199|         -|
[ INFO : 2026-04-08 09:46:05,392 ] - |       VAL|        34|      1100|    33.208|         -|
[ INFO : 2026-04-08 09:46:53,794 ] - |       VAL|        34|      1200|    33.204|         -|
[ INFO : 2026-04-08 09:47:19,046 ] - Epoch 34 Train info train_loss 33.12664916839599
[ INFO : 2026-04-08 09:47:19,046 ] - Epoch 34 Val info val_loss 33.194932878112795
[ INFO : 2026-04-08 09:49:03,355 ] - |     TRAIN|        35|       100|    33.117|0.00043317|
[ INFO : 2026-04-08 09:49:38,257 ] - |     TRAIN|        35|       200|     33.01|0.00043295|
[ INFO : 2026-04-08 09:50:13,119 ] - |     TRAIN|        35|       300|    33.036|0.00043274|
[ INFO : 2026-04-08 09:50:47,938 ] - |     TRAIN|        35|       400|    33.007|0.00043253|
[ INFO : 2026-04-08 09:51:25,235 ] - |     TRAIN|        35|       500|    32.974|0.00043232|
[ INFO : 2026-04-08 09:52:06,458 ] - |     TRAIN|        35|       600|    32.964| 0.0004321|
[ INFO : 2026-04-08 09:52:50,292 ] - |     TRAIN|        35|       700|    32.979|0.00043189|
[ INFO : 2026-04-08 09:53:38,289 ] - |     TRAIN|        35|       800|    33.007|0.00043168|
[ INFO : 2026-04-08 09:54:25,654 ] - |     TRAIN|        35|       900|    33.016|0.00043147|
[ INFO : 2026-04-08 09:55:11,819 ] - |     TRAIN|        35|      1000|    33.033|0.00043125|
[ INFO : 2026-04-08 09:55:58,307 ] - |     TRAIN|        35|      1100|    33.028|0.00043104|
[ INFO : 2026-04-08 09:56:44,757 ] - |     TRAIN|        35|      1200|    33.018|0.00043083|
[ INFO : 2026-04-08 09:59:47,286 ] - |     TRAIN|        35|      1300|    33.022|0.00043062|
[ INFO : 2026-04-08 10:00:27,488 ] - |     TRAIN|        35|      1400|    33.024|0.00043041|
[ INFO : 2026-04-08 10:01:07,147 ] - |     TRAIN|        35|      1500|    33.019|0.00043019|
[ INFO : 2026-04-08 10:01:46,264 ] - |     TRAIN|        35|      1600|    33.016|0.00042998|
[ INFO : 2026-04-08 10:02:21,199 ] - |     TRAIN|        35|      1700|    33.025|0.00042977|
[ INFO : 2026-04-08 10:02:56,152 ] - |     TRAIN|        35|      1800|     33.03|0.00042956|
[ INFO : 2026-04-08 10:03:31,163 ] - |     TRAIN|        35|      1900|     33.04|0.00042935|
[ INFO : 2026-04-08 10:04:07,643 ] - |     TRAIN|        35|      2000|    33.032|0.00042914|
[ INFO : 2026-04-08 10:04:48,293 ] - |     TRAIN|        35|      2100|    33.041|0.00042893|
[ INFO : 2026-04-08 10:05:34,130 ] - |     TRAIN|        35|      2200|    33.034|0.00042872|
[ INFO : 2026-04-08 10:06:20,952 ] - |     TRAIN|        35|      2300|    33.048| 0.0004285|
[ INFO : 2026-04-08 10:07:06,428 ] - |     TRAIN|        35|      2400|    33.059|0.00042829|
[ INFO : 2026-04-08 10:07:52,085 ] - |     TRAIN|        35|      2500|    33.053|0.00042808|
[ INFO : 2026-04-08 10:10:53,630 ] - |     TRAIN|        35|      2600|    33.051|0.00042787|
[ INFO : 2026-04-08 10:11:28,664 ] - |     TRAIN|        35|      2700|    33.049|0.00042766|
[ INFO : 2026-04-08 10:12:03,750 ] - |     TRAIN|        35|      2800|    33.045|0.00042745|
[ INFO : 2026-04-08 10:12:38,808 ] - |     TRAIN|        35|      2900|     33.03|0.00042724|
[ INFO : 2026-04-08 10:13:13,909 ] - |     TRAIN|        35|      3000|    33.024|0.00042703|
[ INFO : 2026-04-08 10:13:48,991 ] - |     TRAIN|        35|      3100|    33.018|0.00042682|
[ INFO : 2026-04-08 10:14:24,925 ] - |     TRAIN|        35|      3200|    33.015|0.00042661|
[ INFO : 2026-04-08 10:15:05,238 ] - |     TRAIN|        35|      3300|    33.018| 0.0004264|
[ INFO : 2026-04-08 10:15:46,972 ] - |     TRAIN|        35|      3400|    33.018|0.00042619|
[ INFO : 2026-04-08 10:16:34,130 ] - |     TRAIN|        35|      3500|    33.021|0.00042598|
[ INFO : 2026-04-08 10:17:19,847 ] - |     TRAIN|        35|      3600|    33.023|0.00042577|
[ INFO : 2026-04-08 10:18:05,456 ] - |     TRAIN|        35|      3700|    33.019|0.00042556|
[ INFO : 2026-04-08 10:21:07,357 ] - |     TRAIN|        35|      3800|    33.016|0.00042535|
[ INFO : 2026-04-08 10:21:42,141 ] - |     TRAIN|        35|      3900|    33.018|0.00042515|
[ INFO : 2026-04-08 10:22:17,513 ] - |     TRAIN|        35|      4000|    33.023|0.00042494|
[ INFO : 2026-04-08 10:22:52,672 ] - |     TRAIN|        35|      4100|    33.032|0.00042473|
[ INFO : 2026-04-08 10:23:27,690 ] - |     TRAIN|        35|      4200|    33.035|0.00042452|
[ INFO : 2026-04-08 10:24:02,698 ] - |     TRAIN|        35|      4300|    33.034|0.00042431|
[ INFO : 2026-04-08 10:24:37,739 ] - |     TRAIN|        35|      4400|    33.037| 0.0004241|
[ INFO : 2026-04-08 10:25:16,185 ] - |     TRAIN|        35|      4500|     33.03|0.00042389|
[ INFO : 2026-04-08 10:25:56,785 ] - |     TRAIN|        35|      4600|    33.027|0.00042368|
[ INFO : 2026-04-08 10:26:42,496 ] - |     TRAIN|        35|      4700|     33.03|0.00042348|
[ INFO : 2026-04-08 10:27:28,497 ] - |     TRAIN|        35|      4800|    33.032|0.00042327|
[ INFO : 2026-04-08 10:28:13,873 ] - |     TRAIN|        35|      4900|    33.028|0.00042306|
[ INFO : 2026-04-08 10:28:59,654 ] - |     TRAIN|        35|      5000|    33.027|0.00042285|
/share/workspace3/maduo/codebase/wesep_wenet/examples/visual/voxceleb2mix/wesep/utils/executor.py:187: FutureWarning: `torch.cuda.amp.autocast(args...)` is deprecated. Please use `torch.amp.autocast('cuda', args...)` instead.
  with torch.cuda.amp.autocast(enabled=enable_amp):
[ INFO : 2026-04-08 10:29:43,614 ] - |       VAL|        35|       100|    32.932|         -|
[ INFO : 2026-04-08 10:30:29,903 ] - |       VAL|        35|       200|    32.842|         -|
[ INFO : 2026-04-08 10:31:20,705 ] - |       VAL|        35|       300|    32.843|         -|
[ INFO : 2026-04-08 10:32:07,582 ] - |       VAL|        35|       400|     32.87|         -|
[ INFO : 2026-04-08 10:32:53,972 ] - |       VAL|        35|       500|    32.914|         -|
[ INFO : 2026-04-08 10:33:40,623 ] - |       VAL|        35|       600|    32.894|         -|
[ INFO : 2026-04-08 10:34:26,496 ] - |       VAL|        35|       700|    32.869|         -|
[ INFO : 2026-04-08 10:35:12,832 ] - |       VAL|        35|       800|    32.864|         -|
[ INFO : 2026-04-08 10:35:59,153 ] - |       VAL|        35|       900|    32.884|         -|
[ INFO : 2026-04-08 10:36:39,364 ] - |       VAL|        35|      1000|    32.883|         -|
[ INFO : 2026-04-08 10:37:20,100 ] - |       VAL|        35|      1100|      32.9|         -|
[ INFO : 2026-04-08 10:38:00,889 ] - |       VAL|        35|      1200|    32.913|         -|
[ INFO : 2026-04-08 10:38:21,298 ] - Epoch 35 Train info train_loss 33.02709577255249
[ INFO : 2026-04-08 10:38:21,298 ] - Epoch 35 Val info val_loss 32.9174195022583
[ INFO : 2026-04-08 10:39:46,131 ] - |     TRAIN|        36|       100|    32.869|0.00042264|
[ INFO : 2026-04-08 10:40:21,099 ] - |     TRAIN|        36|       200|    32.865|0.00042244|
[ INFO : 2026-04-08 10:40:56,063 ] - |     TRAIN|        36|       300|    32.905|0.00042223|
[ INFO : 2026-04-08 10:41:31,011 ] - |     TRAIN|        36|       400|    32.877|0.00042202|
[ INFO : 2026-04-08 10:42:06,226 ] - |     TRAIN|        36|       500|    32.845|0.00042181|
[ INFO : 2026-04-08 10:42:41,535 ] - |     TRAIN|        36|       600|    32.869|0.00042161|
[ INFO : 2026-04-08 10:43:20,820 ] - |     TRAIN|        36|       700|    32.878| 0.0004214|
[ INFO : 2026-04-08 10:43:59,607 ] - |     TRAIN|        36|       800|      32.9|0.00042119|
[ INFO : 2026-04-08 10:44:41,678 ] - |     TRAIN|        36|       900|    32.913|0.00042098|
[ INFO : 2026-04-08 10:45:27,314 ] - |     TRAIN|        36|      1000|    32.943|0.00042078|
[ INFO : 2026-04-08 10:46:12,332 ] - |     TRAIN|        36|      1100|    32.922|0.00042057|
[ INFO : 2026-04-08 10:46:57,655 ] - |     TRAIN|        36|      1200|    32.933|0.00042036|
[ INFO : 2026-04-08 10:48:45,130 ] - |     TRAIN|        36|      1300|    32.918|0.00042016|
[ INFO : 2026-04-08 10:49:20,123 ] - |     TRAIN|        36|      1400|    32.926|0.00041995|
[ INFO : 2026-04-08 10:49:55,182 ] - |     TRAIN|        36|      1500|    32.958|0.00041974|
[ INFO : 2026-04-08 10:50:30,195 ] - |     TRAIN|        36|      1600|    32.955|0.00041954|
[ INFO : 2026-04-08 10:51:05,115 ] - |     TRAIN|        36|      1700|    32.945|0.00041933|
[ INFO : 2026-04-08 10:51:39,923 ] - |     TRAIN|        36|      1800|     32.94|0.00041912|
[ INFO : 2026-04-08 10:52:16,171 ] - |     TRAIN|        36|      1900|    32.959|0.00041892|
[ INFO : 2026-04-08 10:52:55,197 ] - |     TRAIN|        36|      2000|    32.949|0.00041871|
[ INFO : 2026-04-08 10:53:35,966 ] - |     TRAIN|        36|      2100|    32.967|0.00041851|
[ INFO : 2026-04-08 10:54:22,652 ] - |     TRAIN|        36|      2200|    32.978| 0.0004183|
[ INFO : 2026-04-08 10:55:08,711 ] - |     TRAIN|        36|      2300|    32.989| 0.0004181|
[ INFO : 2026-04-08 10:55:54,043 ] - |     TRAIN|        36|      2400|        33|0.00041789|
[ INFO : 2026-04-08 10:56:39,191 ] - |     TRAIN|        36|      2500|    33.005|0.00041768|
[ INFO : 2026-04-08 10:58:24,788 ] - |     TRAIN|        36|      2600|    33.024|0.00041748|
[ INFO : 2026-04-08 10:58:59,684 ] - |     TRAIN|        36|      2700|    33.021|0.00041727|
[ INFO : 2026-04-08 10:59:35,021 ] - |     TRAIN|        36|      2800|    33.018|0.00041707|
[ INFO : 2026-04-08 11:00:09,992 ] - |     TRAIN|        36|      2900|    33.013|0.00041686|
[ INFO : 2026-04-08 11:00:44,792 ] - |     TRAIN|        36|      3000|    33.028|0.00041666|
[ INFO : 2026-04-08 11:01:19,530 ] - |     TRAIN|        36|      3100|    33.037|0.00041645|
[ INFO : 2026-04-08 11:01:57,839 ] - |     TRAIN|        36|      3200|    33.052|0.00041625|
[ INFO : 2026-04-08 11:02:36,769 ] - |     TRAIN|        36|      3300|     33.06|0.00041604|
[ INFO : 2026-04-08 11:03:16,862 ] - |     TRAIN|        36|      3400|    33.069|0.00041584|
[ INFO : 2026-04-08 11:04:03,044 ] - |     TRAIN|        36|      3500|    33.073|0.00041563|
[ INFO : 2026-04-08 11:04:48,396 ] - |     TRAIN|        36|      3600|    33.083|0.00041543|
[ INFO : 2026-04-08 11:05:33,851 ] - |     TRAIN|        36|      3700|     33.09|0.00041523|
[ INFO : 2026-04-08 11:07:34,684 ] - |     TRAIN|        36|      3800|    33.092|0.00041502|
[ INFO : 2026-04-08 11:08:09,717 ] - |     TRAIN|        36|      3900|    33.102|0.00041482|
[ INFO : 2026-04-08 11:08:44,736 ] - |     TRAIN|        36|      4000|    33.111|0.00041461|
[ INFO : 2026-04-08 11:09:19,645 ] - |     TRAIN|        36|      4100|    33.119|0.00041441|
[ INFO : 2026-04-08 11:09:54,434 ] - |     TRAIN|        36|      4200|    33.121|0.00041421|
[ INFO : 2026-04-08 11:10:29,215 ] - |     TRAIN|        36|      4300|    33.131|  0.000414|
[ INFO : 2026-04-08 11:11:04,992 ] - |     TRAIN|        36|      4400|    33.134| 0.0004138|
[ INFO : 2026-04-08 11:11:43,886 ] - |     TRAIN|        36|      4500|    33.136| 0.0004136|
[ INFO : 2026-04-08 11:12:22,732 ] - |     TRAIN|        36|      4600|    33.142|0.00041339|
[ INFO : 2026-04-08 11:13:06,755 ] - |     TRAIN|        36|      4700|    33.149|0.00041319|
[ INFO : 2026-04-08 11:13:52,230 ] - |     TRAIN|        36|      4800|    33.152|0.00041299|
[ INFO : 2026-04-08 11:14:37,052 ] - |     TRAIN|        36|      4900|    33.153|0.00041278|
[ INFO : 2026-04-08 11:15:21,794 ] - |     TRAIN|        36|      5000|    33.156|0.00041258|
/share/workspace3/maduo/codebase/wesep_wenet/examples/visual/voxceleb2mix/wesep/utils/executor.py:187: FutureWarning: `torch.cuda.amp.autocast(args...)` is deprecated. Please use `torch.amp.autocast('cuda', args...)` instead.
  with torch.cuda.amp.autocast(enabled=enable_amp):
[ INFO : 2026-04-08 11:16:06,019 ] - |       VAL|        36|       100|    33.164|         -|
[ INFO : 2026-04-08 11:16:43,517 ] - |       VAL|        36|       200|    33.228|         -|
[ INFO : 2026-04-08 11:17:29,555 ] - |       VAL|        36|       300|    33.091|         -|
[ INFO : 2026-04-08 11:18:16,335 ] - |       VAL|        36|       400|    33.119|         -|
[ INFO : 2026-04-08 11:18:59,364 ] - |       VAL|        36|       500|    33.152|         -|
[ INFO : 2026-04-08 11:19:30,268 ] - |       VAL|        36|       600|    33.158|         -|
[ INFO : 2026-04-08 11:20:01,007 ] - |       VAL|        36|       700|    33.109|         -|
[ INFO : 2026-04-08 11:20:32,385 ] - |       VAL|        36|       800|     33.14|         -|
[ INFO : 2026-04-08 11:21:03,871 ] - |       VAL|        36|       900|    33.154|         -|
[ INFO : 2026-04-08 11:21:34,942 ] - |       VAL|        36|      1000|    33.127|         -|
[ INFO : 2026-04-08 11:22:06,296 ] - |       VAL|        36|      1100|    33.128|         -|
[ INFO : 2026-04-08 11:22:37,069 ] - |       VAL|        36|      1200|    33.122|         -|
[ INFO : 2026-04-08 11:22:52,576 ] - Epoch 36 Train info train_loss 33.155796155929565
[ INFO : 2026-04-08 11:22:52,577 ] - Epoch 36 Val info val_loss 33.123177922058105
[ INFO : 2026-04-08 11:23:59,346 ] - |     TRAIN|        37|       100|     33.36|0.00041238|
[ INFO : 2026-04-08 11:24:34,378 ] - |     TRAIN|        37|       200|    33.347|0.00041217|
[ INFO : 2026-04-08 11:25:09,352 ] - |     TRAIN|        37|       300|    33.294|0.00041197|
[ INFO : 2026-04-08 11:25:44,108 ] - |     TRAIN|        37|       400|    33.317|0.00041177|
[ INFO : 2026-04-08 11:26:18,894 ] - |     TRAIN|        37|       500|    33.289|0.00041157|
[ INFO : 2026-04-08 11:26:59,537 ] - |     TRAIN|        37|       600|    33.267|0.00041136|
[ INFO : 2026-04-08 11:27:39,727 ] - |     TRAIN|        37|       700|    33.218|0.00041116|
[ INFO : 2026-04-08 11:28:25,851 ] - |     TRAIN|        37|       800|    33.218|0.00041096|
[ INFO : 2026-04-08 11:29:12,520 ] - |     TRAIN|        37|       900|    33.196|0.00041076|
[ INFO : 2026-04-08 11:29:58,448 ] - |     TRAIN|        37|      1000|    33.213|0.00041056|
[ INFO : 2026-04-08 11:30:44,069 ] - |     TRAIN|        37|      1100|    33.204|0.00041035|
[ INFO : 2026-04-08 11:31:29,624 ] - |     TRAIN|        37|      1200|    33.189|0.00041015|
[ INFO : 2026-04-08 11:32:53,685 ] - |     TRAIN|        37|      1300|    33.181|0.00040995|
[ INFO : 2026-04-08 11:33:28,696 ] - |     TRAIN|        37|      1400|     33.16|0.00040975|
[ INFO : 2026-04-08 11:34:04,449 ] - |     TRAIN|        37|      1500|    33.159|0.00040955|
[ INFO : 2026-04-08 11:34:42,356 ] - |     TRAIN|        37|      1600|    33.136|0.00040935|
[ INFO : 2026-04-08 11:35:17,121 ] - |     TRAIN|        37|      1700|    33.135|0.00040914|
[ INFO : 2026-04-08 11:35:51,863 ] - |     TRAIN|        37|      1800|    33.138|0.00040894|
[ INFO : 2026-04-08 11:36:26,634 ] - |     TRAIN|        37|      1900|    33.142|0.00040874|
[ INFO : 2026-04-08 11:37:01,723 ] - |     TRAIN|        37|      2000|    33.139|0.00040854|
[ INFO : 2026-04-08 11:37:40,718 ] - |     TRAIN|        37|      2100|    33.128|0.00040834|
[ INFO : 2026-04-08 11:38:20,001 ] - |     TRAIN|        37|      2200|    33.118|0.00040814|
[ INFO : 2026-04-08 11:39:06,353 ] - |     TRAIN|        37|      2300|    33.107|0.00040794|
[ INFO : 2026-04-08 11:39:52,119 ] - |     TRAIN|        37|      2400|    33.106|0.00040774|
[ INFO : 2026-04-08 11:40:36,776 ] - |     TRAIN|        37|      2500|    33.105|0.00040754|
[ INFO : 2026-04-08 11:42:06,186 ] - |     TRAIN|        37|      2600|    33.105|0.00040734|
[ INFO : 2026-04-08 11:42:40,876 ] - |     TRAIN|        37|      2700|    33.104|0.00040714|
[ INFO : 2026-04-08 11:43:15,709 ] - |     TRAIN|        37|      2800|      33.1|0.00040694|
[ INFO : 2026-04-08 11:44:01,661 ] - |     TRAIN|        37|      2900|    33.099|0.00040674|
[ INFO : 2026-04-08 11:44:36,791 ] - |     TRAIN|        37|      3000|    33.092|0.00040654|
[ INFO : 2026-04-08 11:45:11,543 ] - |     TRAIN|        37|      3100|    33.087|0.00040634|
[ INFO : 2026-04-08 11:45:46,271 ] - |     TRAIN|        37|      3200|    33.086|0.00040614|
[ INFO : 2026-04-08 11:46:23,480 ] - |     TRAIN|        37|      3300|    33.083|0.00040594|
[ INFO : 2026-04-08 11:47:05,014 ] - |     TRAIN|        37|      3400|    33.077|0.00040574|
[ INFO : 2026-04-08 11:47:50,322 ] - |     TRAIN|        37|      3500|    33.077|0.00040554|
[ INFO : 2026-04-08 11:48:34,814 ] - |     TRAIN|        37|      3600|    33.073|0.00040534|
[ INFO : 2026-04-08 11:49:18,812 ] - |     TRAIN|        37|      3700|    33.068|0.00040514|
[ INFO : 2026-04-08 11:50:58,443 ] - |     TRAIN|        37|      3800|    33.069|0.00040494|
[ INFO : 2026-04-08 11:51:33,121 ] - |     TRAIN|        37|      3900|    33.066|0.00040474|
[ INFO : 2026-04-08 11:52:07,884 ] - |     TRAIN|        37|      4000|    33.066|0.00040454|
[ INFO : 2026-04-08 11:52:42,746 ] - |     TRAIN|        37|      4100|    33.071|0.00040434|
[ INFO : 2026-04-08 11:53:17,581 ] - |     TRAIN|        37|      4200|    33.071|0.00040414|
[ INFO : 2026-04-08 11:53:52,381 ] - |     TRAIN|        37|      4300|    33.067|0.00040395|
[ INFO : 2026-04-08 11:54:27,119 ] - |     TRAIN|        37|      4400|    33.071|0.00040375|
[ INFO : 2026-04-08 11:55:02,383 ] - |     TRAIN|        37|      4500|    33.078|0.00040355|
[ INFO : 2026-04-08 11:55:41,200 ] - |     TRAIN|        37|      4600|    33.084|0.00040335|
[ INFO : 2026-04-08 11:56:27,391 ] - |     TRAIN|        37|      4700|    33.093|0.00040315|
[ INFO : 2026-04-08 11:57:12,948 ] - |     TRAIN|        37|      4800|    33.097|0.00040295|
[ INFO : 2026-04-08 11:57:58,098 ] - |     TRAIN|        37|      4900|    33.108|0.00040276|
[ INFO : 2026-04-08 11:58:42,821 ] - |     TRAIN|        37|      5000|     33.11|0.00040256|
/share/workspace3/maduo/codebase/wesep_wenet/examples/visual/voxceleb2mix/wesep/utils/executor.py:187: FutureWarning: `torch.cuda.amp.autocast(args...)` is deprecated. Please use `torch.amp.autocast('cuda', args...)` instead.
  with torch.cuda.amp.autocast(enabled=enable_amp):
[ INFO : 2026-04-08 11:59:25,643 ] - |       VAL|        37|       100|    33.321|         -|
[ INFO : 2026-04-08 12:00:03,525 ] - |       VAL|        37|       200|    33.389|         -|
[ INFO : 2026-04-08 12:00:50,229 ] - |       VAL|        37|       300|    33.373|         -|
[ INFO : 2026-04-08 12:01:37,314 ] - |       VAL|        37|       400|    33.382|         -|
[ INFO : 2026-04-08 12:02:10,900 ] - |       VAL|        37|       500|    33.334|         -|
[ INFO : 2026-04-08 12:02:42,434 ] - |       VAL|        37|       600|    33.309|         -|
[ INFO : 2026-04-08 12:03:13,794 ] - |       VAL|        37|       700|    33.294|         -|
[ INFO : 2026-04-08 12:03:44,711 ] - |       VAL|        37|       800|    33.293|         -|
[ INFO : 2026-04-08 12:04:16,201 ] - |       VAL|        37|       900|    33.302|         -|
[ INFO : 2026-04-08 12:04:47,549 ] - |       VAL|        37|      1000|     33.31|         -|
[ INFO : 2026-04-08 12:05:18,922 ] - |       VAL|        37|      1100|     33.32|         -|
[ INFO : 2026-04-08 12:05:50,305 ] - |       VAL|        37|      1200|    33.349|         -|
[ INFO : 2026-04-08 12:06:06,248 ] - Epoch 37 Train info train_loss 33.11033708190918
[ INFO : 2026-04-08 12:06:06,248 ] - Epoch 37 Val info val_loss 33.33525622406006
[ INFO : 2026-04-08 12:07:12,786 ] - |     TRAIN|        38|       100|    33.336|0.00040236|
[ INFO : 2026-04-08 12:07:47,836 ] - |     TRAIN|        38|       200|     33.19|0.00040216|
[ INFO : 2026-04-08 12:08:22,701 ] - |     TRAIN|        38|       300|    33.149|0.00040196|
[ INFO : 2026-04-08 12:08:57,506 ] - |     TRAIN|        38|       400|    33.145|0.00040177|
[ INFO : 2026-04-08 12:09:34,579 ] - |     TRAIN|        38|       500|    33.139|0.00040157|
[ INFO : 2026-04-08 12:10:14,709 ] - |     TRAIN|        38|       600|    33.187|0.00040137|
[ INFO : 2026-04-08 12:10:59,548 ] - |     TRAIN|        38|       700|    33.229|0.00040117|
[ INFO : 2026-04-08 12:11:46,448 ] - |     TRAIN|        38|       800|    33.189|0.00040098|
[ INFO : 2026-04-08 12:12:32,533 ] - |     TRAIN|        38|       900|    33.192|0.00040078|
[ INFO : 2026-04-08 12:13:18,638 ] - |     TRAIN|        38|      1000|    33.178|0.00040058|
[ INFO : 2026-04-08 12:14:04,474 ] - |     TRAIN|        38|      1100|    33.138|0.00040038|
[ INFO : 2026-04-08 12:14:50,514 ] - |     TRAIN|        38|      1200|    33.136|0.00040019|
[ INFO : 2026-04-08 12:17:49,634 ] - |     TRAIN|        38|      1300|    33.121|0.00039999|
[ INFO : 2026-04-08 12:18:26,121 ] - |     TRAIN|        38|      1400|    33.108|0.00039979|
[ INFO : 2026-04-08 12:19:11,965 ] - |     TRAIN|        38|      1500|    33.109| 0.0003996|
[ INFO : 2026-04-08 12:19:55,739 ] - |     TRAIN|        38|      1600|    33.109| 0.0003994|
[ INFO : 2026-04-08 12:20:33,078 ] - |     TRAIN|        38|      1700|    33.109|0.00039921|
[ INFO : 2026-04-08 12:21:08,780 ] - |     TRAIN|        38|      1800|    33.102|0.00039901|
[ INFO : 2026-04-08 12:21:43,732 ] - |     TRAIN|        38|      1900|    33.122|0.00039881|
[ INFO : 2026-04-08 12:22:18,671 ] - |     TRAIN|        38|      2000|    33.118|0.00039862|
[ INFO : 2026-04-08 12:22:54,310 ] - |     TRAIN|        38|      2100|    33.105|0.00039842|
[ INFO : 2026-04-08 12:23:35,633 ] - |     TRAIN|        38|      2200|    33.098|0.00039822|
[ INFO : 2026-04-08 12:24:22,749 ] - |     TRAIN|        38|      2300|     33.09|0.00039803|
[ INFO : 2026-04-08 12:25:10,658 ] - |     TRAIN|        38|      2400|    33.073|0.00039783|
[ INFO : 2026-04-08 12:25:57,816 ] - |     TRAIN|        38|      2500|    33.059|0.00039764|
[ INFO : 2026-04-08 12:28:47,146 ] - |     TRAIN|        38|      2600|     33.05|0.00039744|
[ INFO : 2026-04-08 12:29:22,506 ] - |     TRAIN|        38|      2700|    33.046|0.00039725|
[ INFO : 2026-04-08 12:29:57,272 ] - |     TRAIN|        38|      2800|    33.047|0.00039705|
[ INFO : 2026-04-08 12:30:42,455 ] - |     TRAIN|        38|      2900|    33.044|0.00039686|
[ INFO : 2026-04-08 12:31:17,348 ] - |     TRAIN|        38|      3000|    33.033|0.00039666|
[ INFO : 2026-04-08 12:31:52,281 ] - |     TRAIN|        38|      3100|    33.037|0.00039647|
[ INFO : 2026-04-08 12:32:27,185 ] - |     TRAIN|        38|      3200|    33.042|0.00039627|
[ INFO : 2026-04-08 12:33:04,108 ] - |     TRAIN|        38|      3300|    33.037|0.00039608|
[ INFO : 2026-04-08 12:33:47,519 ] - |     TRAIN|        38|      3400|    33.038|0.00039588|
[ INFO : 2026-04-08 12:34:35,898 ] - |     TRAIN|        38|      3500|    33.035|0.00039569|
[ INFO : 2026-04-08 12:35:22,847 ] - |     TRAIN|        38|      3600|    33.028|0.00039549|
[ INFO : 2026-04-08 12:36:09,182 ] - |     TRAIN|        38|      3700|    33.023| 0.0003953|
[ INFO : 2026-04-08 12:38:58,944 ] - |     TRAIN|        38|      3800|    33.018| 0.0003951|
[ INFO : 2026-04-08 12:39:34,034 ] - |     TRAIN|        38|      3900|    33.016|0.00039491|
[ INFO : 2026-04-08 12:40:08,784 ] - |     TRAIN|        38|      4000|    33.017|0.00039471|
[ INFO : 2026-04-08 12:40:43,483 ] - |     TRAIN|        38|      4100|    33.013|0.00039452|
[ INFO : 2026-04-08 12:41:18,204 ] - |     TRAIN|        38|      4200|    33.019|0.00039433|
[ INFO : 2026-04-08 12:41:52,939 ] - |     TRAIN|        38|      4300|     33.02|0.00039413|
[ INFO : 2026-04-08 12:42:27,714 ] - |     TRAIN|        38|      4400|    33.012|0.00039394|
[ INFO : 2026-04-08 12:43:02,695 ] - |     TRAIN|        38|      4500|    33.012|0.00039374|
[ INFO : 2026-04-08 12:43:41,829 ] - |     TRAIN|        38|      4600|    33.014|0.00039355|
[ INFO : 2026-04-08 12:44:29,294 ] - |     TRAIN|        38|      4700|    33.011|0.00039336|
[ INFO : 2026-04-08 12:45:15,617 ] - |     TRAIN|        38|      4800|    33.006|0.00039316|
[ INFO : 2026-04-08 12:46:01,010 ] - |     TRAIN|        38|      4900|    33.004|0.00039297|
[ INFO : 2026-04-08 12:46:46,869 ] - |     TRAIN|        38|      5000|    33.011|0.00039278|
/share/workspace3/maduo/codebase/wesep_wenet/examples/visual/voxceleb2mix/wesep/utils/executor.py:187: FutureWarning: `torch.cuda.amp.autocast(args...)` is deprecated. Please use `torch.amp.autocast('cuda', args...)` instead.
  with torch.cuda.amp.autocast(enabled=enable_amp):
[ INFO : 2026-04-08 12:47:50,379 ] - |       VAL|        38|       100|    33.183|         -|
[ INFO : 2026-04-08 12:48:41,989 ] - |       VAL|        38|       200|     33.09|         -|
[ INFO : 2026-04-08 12:49:36,116 ] - |       VAL|        38|       300|        33|         -|
[ INFO : 2026-04-08 12:50:31,011 ] - |       VAL|        38|       400|    32.961|         -|
[ INFO : 2026-04-08 12:51:23,313 ] - |       VAL|        38|       500|     32.94|         -|
[ INFO : 2026-04-08 12:52:16,468 ] - |       VAL|        38|       600|    32.941|         -|
[ INFO : 2026-04-08 12:53:08,648 ] - |       VAL|        38|       700|    32.965|         -|
[ INFO : 2026-04-08 12:54:01,473 ] - |       VAL|        38|       800|    33.005|         -|
[ INFO : 2026-04-08 12:54:55,133 ] - |       VAL|        38|       900|     33.01|         -|
[ INFO : 2026-04-08 12:55:48,658 ] - |       VAL|        38|      1000|    33.001|         -|
[ INFO : 2026-04-08 12:56:42,416 ] - |       VAL|        38|      1100|    32.996|         -|
[ INFO : 2026-04-08 12:57:27,788 ] - |       VAL|        38|      1200|    33.012|         -|
[ INFO : 2026-04-08 12:57:48,772 ] - Epoch 38 Train info train_loss 33.01125480270386
[ INFO : 2026-04-08 12:57:48,772 ] - Epoch 38 Val info val_loss 32.99981923065186
[ INFO : 2026-04-08 12:59:13,835 ] - |     TRAIN|        39|       100|    33.077|0.00039258|
[ INFO : 2026-04-08 12:59:48,922 ] - |     TRAIN|        39|       200|     33.17|0.00039239|
[ INFO : 2026-04-08 13:00:24,128 ] - |     TRAIN|        39|       300|    33.204| 0.0003922|
[ INFO : 2026-04-08 13:00:59,216 ] - |     TRAIN|        39|       400|    33.099|0.00039201|
[ INFO : 2026-04-08 13:01:35,871 ] - |     TRAIN|        39|       500|    33.043|0.00039181|
[ INFO : 2026-04-08 13:02:17,078 ] - |     TRAIN|        39|       600|    33.045|0.00039162|
[ INFO : 2026-04-08 13:02:58,232 ] - |     TRAIN|        39|       700|    33.084|0.00039143|
[ INFO : 2026-04-08 13:03:46,517 ] - |     TRAIN|        39|       800|    33.077|0.00039124|
[ INFO : 2026-04-08 13:04:33,589 ] - |     TRAIN|        39|       900|    33.086|0.00039104|
[ INFO : 2026-04-08 13:05:20,270 ] - |     TRAIN|        39|      1000|    33.067|0.00039085|
[ INFO : 2026-04-08 13:06:06,392 ] - |     TRAIN|        39|      1100|    33.061|0.00039066|
[ INFO : 2026-04-08 13:06:52,516 ] - |     TRAIN|        39|      1200|    33.062|0.00039047|
[ INFO : 2026-04-08 13:08:59,325 ] - |     TRAIN|        39|      1300|    33.031|0.00039027|
[ INFO : 2026-04-08 13:09:34,583 ] - |     TRAIN|        39|      1400|    33.018|0.00039008|
[ INFO : 2026-04-08 13:10:15,440 ] - |     TRAIN|        39|      1500|    33.042|0.00038989|
[ INFO : 2026-04-08 13:10:50,619 ] - |     TRAIN|        39|      1600|    33.083| 0.0003897|
[ INFO : 2026-04-08 13:11:25,724 ] - |     TRAIN|        39|      1700|    33.096|0.00038951|
[ INFO : 2026-04-08 13:12:00,740 ] - |     TRAIN|        39|      1800|    33.121|0.00038932|
[ INFO : 2026-04-08 13:12:35,797 ] - |     TRAIN|        39|      1900|    33.125|0.00038912|
[ INFO : 2026-04-08 13:13:12,294 ] - |     TRAIN|        39|      2000|    33.138|0.00038893|
[ INFO : 2026-04-08 13:13:51,534 ] - |     TRAIN|        39|      2100|    33.155|0.00038874|
[ INFO : 2026-04-08 13:14:34,387 ] - |     TRAIN|        39|      2200|    33.154|0.00038855|
[ INFO : 2026-04-08 13:15:19,945 ] - |     TRAIN|        39|      2300|    33.166|0.00038836|
[ INFO : 2026-04-08 13:16:04,988 ] - |     TRAIN|        39|      2400|     33.18|0.00038817|
[ INFO : 2026-04-08 13:16:49,646 ] - |     TRAIN|        39|      2500|     33.18|0.00038798|
[ INFO : 2026-04-08 13:19:08,532 ] - |     TRAIN|        39|      2600|    33.181|0.00038779|
[ INFO : 2026-04-08 13:19:43,601 ] - |     TRAIN|        39|      2700|    33.187| 0.0003876|
[ INFO : 2026-04-08 13:20:18,642 ] - |     TRAIN|        39|      2800|    33.194|0.00038741|
[ INFO : 2026-04-08 13:20:53,661 ] - |     TRAIN|        39|      2900|    33.188|0.00038722|
[ INFO : 2026-04-08 13:21:28,634 ] - |     TRAIN|        39|      3000|    33.177|0.00038702|
[ INFO : 2026-04-08 13:22:03,531 ] - |     TRAIN|        39|      3100|    33.177|0.00038683|
[ INFO : 2026-04-08 13:22:41,761 ] - |     TRAIN|        39|      3200|     33.18|0.00038664|
[ INFO : 2026-04-08 13:23:20,976 ] - |     TRAIN|        39|      3300|    33.175|0.00038645|
[ INFO : 2026-04-08 13:24:03,905 ] - |     TRAIN|        39|      3400|    33.174|0.00038626|
[ INFO : 2026-04-08 13:24:49,262 ] - |     TRAIN|        39|      3500|    33.184|0.00038607|
[ INFO : 2026-04-08 13:25:34,332 ] - |     TRAIN|        39|      3600|    33.174|0.00038588|
[ INFO : 2026-04-08 13:26:19,614 ] - |     TRAIN|        39|      3700|     33.17|0.00038569|
[ INFO : 2026-04-08 13:29:17,368 ] - |     TRAIN|        39|      3800|    33.165| 0.0003855|
[ INFO : 2026-04-08 13:29:52,193 ] - |     TRAIN|        39|      3900|    33.159|0.00038532|
[ INFO : 2026-04-08 13:30:27,101 ] - |     TRAIN|        39|      4000|    33.157|0.00038513|
[ INFO : 2026-04-08 13:31:02,068 ] - |     TRAIN|        39|      4100|    33.151|0.00038494|
[ INFO : 2026-04-08 13:31:36,864 ] - |     TRAIN|        39|      4200|    33.149|0.00038475|
[ INFO : 2026-04-08 13:32:11,567 ] - |     TRAIN|        39|      4300|    33.149|0.00038456|
[ INFO : 2026-04-08 13:32:47,672 ] - |     TRAIN|        39|      4400|    33.147|0.00038437|
[ INFO : 2026-04-08 13:33:27,608 ] - |     TRAIN|        39|      4500|    33.146|0.00038418|
[ INFO : 2026-04-08 13:34:07,881 ] - |     TRAIN|        39|      4600|    33.148|0.00038399|
[ INFO : 2026-04-08 13:34:53,876 ] - |     TRAIN|        39|      4700|    33.147| 0.0003838|
[ INFO : 2026-04-08 13:35:39,867 ] - |     TRAIN|        39|      4800|    33.142|0.00038361|
[ INFO : 2026-04-08 13:36:25,159 ] - |     TRAIN|        39|      4900|    33.143|0.00038342|
[ INFO : 2026-04-08 13:37:10,097 ] - |     TRAIN|        39|      5000|     33.14|0.00038324|
/share/workspace3/maduo/codebase/wesep_wenet/examples/visual/voxceleb2mix/wesep/utils/executor.py:187: FutureWarning: `torch.cuda.amp.autocast(args...)` is deprecated. Please use `torch.amp.autocast('cuda', args...)` instead.
  with torch.cuda.amp.autocast(enabled=enable_amp):
[ INFO : 2026-04-08 13:38:15,616 ] - |       VAL|        39|       100|    32.879|         -|
[ INFO : 2026-04-08 13:38:55,908 ] - |       VAL|        39|       200|    32.906|         -|
[ INFO : 2026-04-08 13:39:41,384 ] - |       VAL|        39|       300|    32.963|         -|
[ INFO : 2026-04-08 13:40:27,450 ] - |       VAL|        39|       400|        33|         -|
[ INFO : 2026-04-08 13:41:10,422 ] - |       VAL|        39|       500|    33.035|         -|
[ INFO : 2026-04-08 13:41:51,537 ] - |       VAL|        39|       600|    33.063|         -|
[ INFO : 2026-04-08 13:42:32,821 ] - |       VAL|        39|       700|    33.061|         -|
[ INFO : 2026-04-08 13:43:14,255 ] - |       VAL|        39|       800|    33.045|         -|
[ INFO : 2026-04-08 13:43:55,505 ] - |       VAL|        39|       900|    33.032|         -|
[ INFO : 2026-04-08 13:44:41,236 ] - |       VAL|        39|      1000|    33.003|         -|
[ INFO : 2026-04-08 13:45:26,711 ] - |       VAL|        39|      1100|    33.017|         -|
[ INFO : 2026-04-08 13:46:05,346 ] - |       VAL|        39|      1200|    33.028|         -|
[ INFO : 2026-04-08 13:46:22,837 ] - Epoch 39 Train info train_loss 33.139983513641354
[ INFO : 2026-04-08 13:46:22,837 ] - Epoch 39 Val info val_loss 33.025990156555174
[ INFO : 2026-04-08 13:47:47,995 ] - |     TRAIN|        40|       100|    33.024|0.00038305|
[ INFO : 2026-04-08 13:48:23,190 ] - |     TRAIN|        40|       200|    32.965|0.00038286|
[ INFO : 2026-04-08 13:48:58,590 ] - |     TRAIN|        40|       300|    33.012|0.00038267|
[ INFO : 2026-04-08 13:49:33,594 ] - |     TRAIN|        40|       400|    33.073|0.00038248|
[ INFO : 2026-04-08 13:50:09,107 ] - |     TRAIN|        40|       500|    33.061|0.00038229|
[ INFO : 2026-04-08 13:50:49,654 ] - |     TRAIN|        40|       600|    33.051|0.00038211|
[ INFO : 2026-04-08 13:51:29,882 ] - |     TRAIN|        40|       700|    33.027|0.00038192|
[ INFO : 2026-04-08 13:52:17,762 ] - |     TRAIN|        40|       800|    33.052|0.00038173|
[ INFO : 2026-04-08 13:53:04,675 ] - |     TRAIN|        40|       900|    33.037|0.00038154|
[ INFO : 2026-04-08 13:53:51,903 ] - |     TRAIN|        40|      1000|    33.045|0.00038136|
[ INFO : 2026-04-08 13:54:38,736 ] - |     TRAIN|        40|      1100|    33.048|0.00038117|
[ INFO : 2026-04-08 13:55:25,224 ] - |     TRAIN|        40|      1200|    33.044|0.00038098|
[ INFO : 2026-04-08 13:57:32,837 ] - |     TRAIN|        40|      1300|    33.042|0.00038079|
[ INFO : 2026-04-08 13:58:08,142 ] - |     TRAIN|        40|      1400|    33.034|0.00038061|
[ INFO : 2026-04-08 13:58:43,564 ] - |     TRAIN|        40|      1500|    33.021|0.00038042|
[ INFO : 2026-04-08 13:59:21,390 ] - |     TRAIN|        40|      1600|     33.02|0.00038023|
[ INFO : 2026-04-08 13:59:58,098 ] - |     TRAIN|        40|      1700|    33.012|0.00038005|
[ INFO : 2026-04-08 14:00:32,953 ] - |     TRAIN|        40|      1800|    33.018|0.00037986|
[ INFO : 2026-04-08 14:01:07,811 ] - |     TRAIN|        40|      1900|    33.028|0.00037967|
[ INFO : 2026-04-08 14:01:44,657 ] - |     TRAIN|        40|      2000|    33.031|0.00037948|
[ INFO : 2026-04-08 14:02:30,747 ] - |     TRAIN|        40|      2100|    33.032| 0.0003793|
[ INFO : 2026-04-08 14:03:18,840 ] - |     TRAIN|        40|      2200|    33.032|0.00037911|
[ INFO : 2026-04-08 14:04:06,100 ] - |     TRAIN|        40|      2300|    33.028|0.00037893|
[ INFO : 2026-04-08 14:04:54,835 ] - |     TRAIN|        40|      2400|    33.019|0.00037874|
[ INFO : 2026-04-08 14:05:49,606 ] - |     TRAIN|        40|      2500|    33.008|0.00037855|
[ INFO : 2026-04-08 14:09:00,169 ] - |     TRAIN|        40|      2600|    33.021|0.00037837|
[ INFO : 2026-04-08 14:09:56,705 ] - |     TRAIN|        40|      2700|    33.029|0.00037818|
[ INFO : 2026-04-08 14:10:51,187 ] - |     TRAIN|        40|      2800|    33.034|0.00037799|
[ INFO : 2026-04-08 14:11:44,371 ] - |     TRAIN|        40|      2900|     33.03|0.00037781|
[ INFO : 2026-04-08 14:12:45,589 ] - |     TRAIN|        40|      3000|    33.031|0.00037762|
[ INFO : 2026-04-08 14:13:39,229 ] - |     TRAIN|        40|      3100|    33.027|0.00037744|
[ INFO : 2026-04-08 14:14:34,134 ] - |     TRAIN|        40|      3200|    33.035|0.00037725|
[ INFO : 2026-04-08 14:15:25,497 ] - |     TRAIN|        40|      3300|    33.036|0.00037707|
[ INFO : 2026-04-08 14:16:13,147 ] - |     TRAIN|        40|      3400|    33.037|0.00037688|
[ INFO : 2026-04-08 14:17:04,100 ] - |     TRAIN|        40|      3500|    33.037| 0.0003767|
[ INFO : 2026-04-08 14:18:00,603 ] - |     TRAIN|        40|      3600|     33.03|0.00037651|
[ INFO : 2026-04-08 14:18:58,909 ] - |     TRAIN|        40|      3700|    33.031|0.00037632|
[ INFO : 2026-04-08 14:21:54,639 ] - |     TRAIN|        40|      3800|    33.034|0.00037614|
[ INFO : 2026-04-08 14:22:42,899 ] - |     TRAIN|        40|      3900|    33.035|0.00037595|
[ INFO : 2026-04-08 14:23:41,451 ] - |     TRAIN|        40|      4000|    33.032|0.00037577|
[ INFO : 2026-04-08 14:24:29,141 ] - |     TRAIN|        40|      4100|    33.026|0.00037559|
[ INFO : 2026-04-08 14:25:14,622 ] - |     TRAIN|        40|      4200|    33.034| 0.0003754|
[ INFO : 2026-04-08 14:26:09,658 ] - |     TRAIN|        40|      4300|    33.043|0.00037522|
[ INFO : 2026-04-08 14:27:09,621 ] - |     TRAIN|        40|      4400|    33.045|0.00037503|
[ INFO : 2026-04-08 14:28:11,574 ] - |     TRAIN|        40|      4500|    33.048|0.00037485|
[ INFO : 2026-04-08 14:29:11,004 ] - |     TRAIN|        40|      4600|    33.047|0.00037466|
[ INFO : 2026-04-08 14:30:10,617 ] - |     TRAIN|        40|      4700|    33.048|0.00037448|
ERROR: Unexpected bus error encountered in worker. This might be caused by insufficient shared memory (shm).
 [rank0]: Traceback (most recent call last):
[rank0]:   File "/share/home/maduo/.conda/envs/online_avcrossnet_mamba/lib/python3.10/site-packages/torch/utils/data/dataloader.py", line 1285, in _try_get_data
[rank0]:     data = self._data_queue.get(timeout=timeout)
[rank0]:   File "/share/home/maduo/.conda/envs/online_avcrossnet_mamba/lib/python3.10/queue.py", line 180, in get
[rank0]:     self.not_empty.wait(remaining)
[rank0]:   File "/share/home/maduo/.conda/envs/online_avcrossnet_mamba/lib/python3.10/threading.py", line 324, in wait
[rank0]:     gotit = waiter.acquire(True, timeout)
[rank0]:   File "/share/home/maduo/.conda/envs/online_avcrossnet_mamba/lib/python3.10/site-packages/torch/utils/data/_utils/signal_handling.py", line 73, in handler
[rank0]:     _error_if_any_worker_fails()
[rank0]: RuntimeError: DataLoader worker (pid 4190386) is killed by signal: Bus error. It is possible that dataloader's workers are out of shared memory. Please try to raise your shared memory limit.

[rank0]: The above exception was the direct cause of the following exception:

[rank0]: Traceback (most recent call last):
[rank0]:   File "/share/workspace3/maduo/codebase/wesep_wenet/examples/visual/voxceleb2mix/wesep/bin/train.py", line 362, in <module>
[rank0]:     fire.Fire(train)
[rank0]:   File "/share/home/maduo/.conda/envs/online_avcrossnet_mamba/lib/python3.10/site-packages/fire/core.py", line 135, in Fire
[rank0]:     component_trace = _Fire(component, args, parsed_flag_args, context, name)
[rank0]:   File "/share/home/maduo/.conda/envs/online_avcrossnet_mamba/lib/python3.10/site-packages/fire/core.py", line 468, in _Fire
[rank0]:     component, remaining_args = _CallAndUpdateTrace(
[rank0]:   File "/share/home/maduo/.conda/envs/online_avcrossnet_mamba/lib/python3.10/site-packages/fire/core.py", line 684, in _CallAndUpdateTrace
[rank0]:     component = fn(*varargs, **kwargs)
[rank0]:   File "/share/workspace3/maduo/codebase/wesep_wenet/examples/visual/voxceleb2mix/wesep/bin/train.py", line 274, in train
[rank0]:     train_loss, _ = executor.train(
[rank0]:   File "/share/workspace3/maduo/codebase/wesep_wenet/examples/visual/voxceleb2mix/wesep/utils/executor.py", line 104, in train
[rank0]:     for i, batch in enumerate(dataloader):
[rank0]:   File "/share/home/maduo/.conda/envs/online_avcrossnet_mamba/lib/python3.10/site-packages/torch/utils/data/dataloader.py", line 734, in __next__
[rank0]:     data = self._next_data()
[rank0]:   File "/share/home/maduo/.conda/envs/online_avcrossnet_mamba/lib/python3.10/site-packages/torch/utils/data/dataloader.py", line 1492, in _next_data
[rank0]:     idx, data = self._get_data()
[rank0]:   File "/share/home/maduo/.conda/envs/online_avcrossnet_mamba/lib/python3.10/site-packages/torch/utils/data/dataloader.py", line 1444, in _get_data
[rank0]:     success, data = self._try_get_data()
[rank0]:   File "/share/home/maduo/.conda/envs/online_avcrossnet_mamba/lib/python3.10/site-packages/torch/utils/data/dataloader.py", line 1298, in _try_get_data
[rank0]:     raise RuntimeError(
[rank0]: RuntimeError: DataLoader worker (pid(s) 4190386) exited unexpectedly
[rank0]:[W408 14:31:14.867078511 ProcessGroupNCCL.cpp:1538] Warning: WARNING: destroy_process_group() was not called before program exit, which can leak resources. For more info, please see https://pytorch.org/docs/stable/distributed.html#shutdown (function operator())
E0408 14:32:11.341000 3728227 site-packages/torch/distributed/elastic/multiprocessing/api.py:874] failed (exitcode: 1) local_rank: 0 (pid: 3728591) of binary: /share/home/maduo/.conda/envs/online_avcrossnet_mamba/bin/python3.10
Traceback (most recent call last):
  File "/share/home/maduo/.conda/envs/online_avcrossnet_mamba/bin/torchrun", line 6, in <module>
    sys.exit(main())
  File "/share/home/maduo/.conda/envs/online_avcrossnet_mamba/lib/python3.10/site-packages/torch/distributed/elastic/multiprocessing/errors/__init__.py", line 357, in wrapper
    return f(*args, **kwargs)
  File "/share/home/maduo/.conda/envs/online_avcrossnet_mamba/lib/python3.10/site-packages/torch/distributed/run.py", line 901, in main
    run(args)
  File "/share/home/maduo/.conda/envs/online_avcrossnet_mamba/lib/python3.10/site-packages/torch/distributed/run.py", line 892, in run
    elastic_launch(
  File "/share/home/maduo/.conda/envs/online_avcrossnet_mamba/lib/python3.10/site-packages/torch/distributed/launcher/api.py", line 143, in __call__
    return launch_agent(self._config, self._entrypoint, list(args))
  File "/share/home/maduo/.conda/envs/online_avcrossnet_mamba/lib/python3.10/site-packages/torch/distributed/launcher/api.py", line 277, in launch_agent
    raise ChildFailedError(
torch.distributed.elastic.multiprocessing.errors.ChildFailedError: 
============================================================
wesep/bin/train.py FAILED
------------------------------------------------------------
Failures:
  <NO_OTHER_FAILURES>
------------------------------------------------------------
Root Cause (first observed failure):
[0]:
  time      : 2026-04-08_14:32:11
  host      : gpu01.hpc.com
  rank      : 0 (local_rank: 0)
  exitcode  : 1 (pid: 3728591)
  error_file: <N/A>
  traceback : To enable traceback see: https://pytorch.org/docs/stable/elastic/errors.html
============================================================
